,상호,주소,가격,셀프,상표,구
0,HD현대오일뱅크㈜직영 한남동주유소,서울 용산구 한남대로 204 (한남동),1961.0,N,HD현대오일뱅크,용산구
1,HD현대오일뱅크㈜직영 강변현대주유소,서울 용산구 원효로 9 (청암동),2079.0,N,HD현대오일뱅크,용산구
2,(주)영원 풍기주유소,서울 용산구 원효로 178 (원효로2가),2099.0,N,GS칼텍스,용산구
3,(주)남경주유소,서울 용산구 녹사평대로11길 24,2186.0,N,SK에너지,용산구
4,(주)신태성주유소,서울 용산구 원효로 147 (원효로3가),2189.0,N,SK에너지,용산구
5,동자동주유소,서울 용산구 한강대로104길 6 (동자동),2281.0,N,SK에너지,용산구
6,HD현대오일뱅크㈜직영 갈월동주유소,서울특별시 용산구  한강대로 322 (남영동),2281.0,N,HD현대오일뱅크,용산구
7,HD현대오일뱅크(주)직영 소월길주유소,서울 용산구 소월로 66 (후암동),2291.0,N,HD현대오일뱅크,용산구
8,한남지점,서울 용산구 한남대로21길 4 (한남동),2297.0,N,SK에너지,용산구
9,에너비스,서울 용산구 한남대로 82 (한남동),2297.0,N,SK에너지,용산구
10,한석주유소,서울 용산구 이촌로 164,2310.0,N,SK에너지,용산구
11,서계주유소,서울 용산구  청파로 367 (청파동),2971.0,N,GS칼텍스,용산구
12,이엠석유(주)배꽃나라주유소,서울 노원구 화랑로 466 (공릉1동),1675.0,Y,GS칼텍스,노원구
13,(주)정건에너지직영,서울 노원구 노원로17길 29 (하계동),1675.0,Y,HD현대오일뱅크,노원구
14,화랑대주유소,서울 노원구 화랑로 483,1675.0,Y,HD현대오일뱅크,노원구
15,태릉솔밭주유소,서울 노원구 노원로 49 (공릉동),1695.0,Y,S-OIL,노원구
16,삼육주유소,서울 노원구 화랑로 822 (공릉동),1725.0,Y,SK에너지,노원구
17,구도일주유소 불암,서울 노원구 한글비석로 268 (중계동),1729.0,Y,S-OIL,노원구
18,한신주유소,서울 노원구 동일로 1089 (공릉동),1730.0,Y,SK에너지,노원구
19,SK에너지㈜직영 상계주유소,서울 노원구 노해로 527 (상계동),1779.0,N,SK에너지,노원구
20,상계동주유소,서울 노원구 노원로26길 191 (상계동),1795.0,N,HD현대오일뱅크,노원구
21,(주)소모 수락산셀프주유소,서울 노원구 동일로 1772,1798.0,Y,GS칼텍스,노원구
22,신성주유소,서울 노원구 월계로 328 (월계동),1818.0,Y,S-OIL,노원구
23,월계주유소,서울 노원구 월계로 252,1819.0,Y,GS칼텍스,노원구
24,성북역주유소,서울특별시 노원구  광운로 95 (월계1동),1828.0,N,GS칼텍스,노원구
25,하계삼호주유소,서울 노원구 공릉로 294 (하계동),1875.0,N,GS칼텍스,노원구
26,(주)서울에너지 시민주유소,서울 강북구 인수봉로 185 (수유동),1645.0,Y,HD현대오일뱅크,강북구
27,덕릉로주유소,서울 강북구 덕릉로 158 (번동),1645.0,Y,S-OIL,강북구
28,(주)자연에너지 번동주유소,서울 강북구 한천로 963 (번동),1645.0,Y,HD현대오일뱅크,강북구
29,(주)석산에너지,서울 강북구 삼양로 316 (수유동),1645.0,Y,HD현대오일뱅크,강북구
30,수유동주유소,서울 강북구 도봉로 395 (수유동),1661.0,Y,GS칼텍스,강북구
31,㈜지에스이앤알 미아주유소,서울 강북구 도봉로 122 (미아동),1669.0,Y,GS칼텍스,강북구
32,SK에너지(주) 매일주유소,서울 강북구 삼양로 217 (미아동),1689.0,Y,SK에너지,강북구
33,씨앤에스유통㈜ 미아셀프주유소,서울 강북구 도봉로 200 (미아동),1690.0,Y,S-OIL,강북구
34,북서울고속주유소,서울 강북구 삼양로 410 (수유동),1715.0,Y,SK에너지,강북구
35,대성석유(주)신광주유소,서울 강북구 삼양로 484,1749.0,N,GS칼텍스,강북구
36,HD현대오일뱅크㈜직영 재동주유소,서울 종로구 율곡로 58 (경운동),1674.0,Y,HD현대오일뱅크,종로구
37,(주)중앙에너비스 혜화주유소,서울 종로구 창경궁로35길 1,1675.0,Y,SK에너지,종로구
38,㈜지에스이앤알 평창주유소,서울 종로구 평창문화로 135 (평창동),1719.0,Y,HD현대오일뱅크,종로구
39,안풍주유소,서울 종로구 자하문로 303,1839.0,N,S-OIL,종로구
40,자하문주유소,서울 종로구 자하문로 248 (부암동),1845.0,Y,SK에너지,종로구
41,구도일주유소특종,서울 종로구 평창문화로 90 (평창동),1850.0,N,S-OIL,종로구
42,㈜북악주유소,서울 종로구 평창문화로 137,1889.0,Y,GS칼텍스,종로구
43,(주)대양씨앤씨 사직주유소,서울 종로구 사직로 65,2375.0,N,GS칼텍스,종로구
44,다산주유소,서울 중구 다산로 233,1739.0,Y,S-OIL,중구
45,장충드림주유소,서울 중구 동호로 296,1795.0,Y,S-OIL,중구
46,약수주유소,서울 중구 다산로 173,1797.0,Y,SK에너지,중구
47,HD현대오일뱅크㈜직영 장원주유소,서울 중구 동호로 203 (신당동),1888.0,N,HD현대오일뱅크,중구
48,SK에너지(주) 퇴계로주유소,서울 중구 퇴계로 228 (필동2가),1944.0,N,SK에너지,중구
49,장충주유소,서울 중구 장충단로 202 (장충동1가),2138.0,N,SK에너지,중구
50,신당동주유소,서울 중구 다산로 242 (신당동),2148.0,N,SK에너지,중구
51,필동주유소,서울 중구 퇴계로 196,2539.0,N,GS칼텍스,중구
52,서남주유소,서울 중구 통일로 30,2756.0,N,SK에너지,중구
53,(주)자연에너지 국민주유소,서울 동대문구 답십리로 223 (답십리동),1635.0,Y,HD현대오일뱅크,동대문구
54,재정주유소,서울 동대문구 전농로 121,1645.0,Y,HD현대오일뱅크,동대문구
55,재정제2주유소,서울 동대문구 사가정로 90 (전농동),1645.0,Y,HD현대오일뱅크,동대문구
56,(주)정건에너지 배봉로지점,서울 동대문구 서울시립대로 108,1645.0,Y,HD현대오일뱅크,동대문구
57,풍한주유소,서울 동대문구 안암로 168,1655.0,N,SK에너지,동대문구
58,대성산업(주)동마장주유소,서울 동대문구 고산자로 405 (용두동),1685.0,Y,GS칼텍스,동대문구
59,동서울고속주유소,서울 동대문구 한천로 414,1745.0,Y,SK에너지,동대문구
60,삼영주유소,서울 동대문구 답십리로 258 (장안동),1755.0,N,SK에너지,동대문구
61,홍능주유소,서울 동대문구 홍릉로 87,1755.0,N,S-OIL,동대문구
62,(주)안국에너지 삼원셀프주유소,서울 동대문구 망우로 90 (휘경동),1758.0,Y,SK에너지,동대문구
63,HD현대오일뱅크㈜직영 스피드주유소,서울 동대문구 천호대로 453 (장안동),1759.0,N,HD현대오일뱅크,동대문구
64,삼미상사(주)장안킹셀프주유소,서울 동대문구  한천로 100 (장안동),1768.0,Y,SK에너지,동대문구
65,열린주유소,서울 동대문구 한천로 263 (휘경동),1779.0,N,S-OIL,동대문구
66,한영주유소 (한화),서울 동대문구 망우로 38 (휘경동),1797.0,N,HD현대오일뱅크,동대문구
67,오동나무주유소,서울 동대문구  한천로 81,1798.0,N,S-OIL,동대문구
68,불광주유소,서울 은평구 연서로 314,1654.0,Y,HD현대오일뱅크,은평구
69,타이거주유소,서울 은평구 수색로 188 (증산동),1654.0,Y,SK에너지,은평구
70,박석고개주유소,서울 은평구 통일로 945 (갈현동),1654.0,Y,SK에너지,은평구
71,㈜한화미 구파발주유소,서울 은평구 통일로 1031,1654.0,Y,S-OIL,은평구
72,(주)디오티디 은평유니콘주유소,서울 은평구 통일로 1151 (진관동),1654.0,N,HD현대오일뱅크,은평구
73,㈜오일닷컴 다회주유소,서울 은평구 증산로 441,1659.0,Y,S-OIL,은평구
74,(주)아이에스피에너지(서울서부고속주유소),서울 은평구 응암로 163,1664.0,Y,HD현대오일뱅크,은평구
75,지에스칼텍스(주)수색뉴타운주유소,서울 은평구 수색로 350 (수색동),1669.0,Y,GS칼텍스,은평구
76,지에스칼텍스㈜ 신사제일주유소,서울 은평구 증산로 423 (신사동),1669.0,Y,GS칼텍스,은평구
77,지에스칼텍스㈜ 서부주유소,서울 은평구 응암로 210 (응암동),1669.0,Y,GS칼텍스,은평구
78,(주)명연에너지 수색훼미리주유소,서울 은평구 수색로 236 (수색동),1685.0,Y,HD현대오일뱅크,은평구
79,대성산업㈜ 대성주유소,서울 은평구 통일로 642,1685.0,Y,GS칼텍스,은평구
80,성원이앤에스(주)은평지점,서울 은평구 통일로 968 (진관동),1695.0,Y,GS칼텍스,은평구
81,㈜삼호에너지 은평뉴타운셀프주유소,서울 은평구 통일로 924 (불광동),1715.0,Y,SK에너지,은평구
82,코끼리주유소,서울 은평구 서오릉로 41 (녹번동),1798.0,N,자가상표,은평구
83,(주)자연에너지 햇살주유소,서울 도봉구 방학로 142 (방학동),1649.0,Y,HD현대오일뱅크,도봉구
84,이케이에너지 주식회사,서울 도봉구 도봉로 941 (도봉동),1649.0,Y,HD현대오일뱅크,도봉구
85,요한주유소,서울 도봉구 마들로 776,1649.0,Y,HD현대오일뱅크,도봉구
86,도봉제일주유소(주)송만에너지,서울 도봉구 도봉로 783 (도봉동),1649.0,N,HD현대오일뱅크,도봉구
87,한이에너지(주) 쌍문주유소,서울 도봉구 도봉로 547 (쌍문동),1661.0,Y,S-OIL,도봉구
88,삼미북부셀프주유소,서울 도봉구 도봉로 437 (쌍문동),1661.0,Y,SK에너지,도봉구
89,지에스칼텍스㈜ 방학동주유소,서울 도봉구 방학로 186,1661.0,Y,GS칼텍스,도봉구
90,(주)헨지스에너지 구도일주유소 도봉,서울 도봉구 도봉로 706 (방학동),1665.0,Y,S-OIL,도봉구
91,극동유화(주) 대안주유소,서울 도봉구 마들로 574 (창동),1675.0,Y,S-OIL,도봉구
92,구도일주유소 파크빌,서울 도봉구 해등로3길 86 (창동),1685.0,Y,S-OIL,도봉구
93,대성산업(주)신창주유소,서울 도봉구 덕릉로 267 (창동),1685.0,Y,GS칼텍스,도봉구
94,오복주유소,서울 도봉구 방학로 43,1775.0,Y,S-OIL,도봉구
95,HD현대오일뱅크㈜직영 영신주유소,서울 도봉구 방학로 151,1797.0,N,HD현대오일뱅크,도봉구
96,㈜CW창원,서울 관악구 과천대로 921 (남현동),1649.0,Y,HD현대오일뱅크,관악구
97,진우7주유소 ㈜준우에너지,서울 관악구 보라매로 41,1684.0,Y,HD현대오일뱅크,관악구
98,(주)연우에너지 신관주유소,서울 관악구 신림로 290 (신림동),1684.0,Y,알뜰주유소,관악구
99,(주)한유에너지 행운주유소,서울 관악구 남부순환로 1883 (봉천동),1694.0,Y,SK에너지,관악구
100,서일석유(주)락성주유소,서울 관악구 남부순환로 1920 (봉천동),1695.0,Y,GS칼텍스,관악구
101,대양석유(주)직영 보라매주유소,서울 관악구  보라매로 26 (봉천동),1724.0,Y,SK에너지,관악구
102,SK에너지(주)직영 신봉천주유소,서울 관악구 남부순환로 1880 (봉천동),1745.0,N,SK에너지,관악구
103,유림주유소,서울 관악구 신림로 176 (신림동),1768.0,N,S-OIL,관악구
104,현대주유소,서울 관악구 난곡로 108 (신림동),1769.0,N,HD현대오일뱅크,관악구
105,HD현대오일뱅크㈜직영 관악셀프주유소,서울 관악구 남부순환로 1520 (신림동),1769.0,Y,HD현대오일뱅크,관악구
106,HD현대오일뱅크㈜직영 문성골주유소,서울 관악구 문성로 97,1799.0,N,HD현대오일뱅크,관악구
107,관악시몬주유소,서울특별시 관악구 남부순환로 1753 (봉천동),1855.0,N,S-OIL,관악구
108,CJ대한통운㈜ 신림주유소,서울 관악구 남부순환로 1515 (신림동),1948.0,N,GS칼텍스,관악구
109,지에스칼텍스㈜ 난곡주유소,서울 관악구 난곡로 206,1999.0,N,GS칼텍스,관악구
110,지에스칼텍스(주)홍제동주유소,서울 서대문구 통일로 372,1665.0,Y,GS칼텍스,서대문구
111,(주)창원이엔지 홍제지점,서울 서대문구 통일로 455 (홍제동),1669.0,N,HD현대오일뱅크,서대문구
112,(주)가재울뉴타운주유소,서울 서대문구 모래내로 205,1669.0,Y,HD현대오일뱅크,서대문구
113,(주)미래아스팔트 신우주유소,서울 서대문구 가좌로 106(홍은동),1669.0,Y,S-OIL,서대문구
114,HD현대오일뱅크㈜직영 연세주유소,서울 서대문구 연희로 184,1674.0,Y,HD현대오일뱅크,서대문구
115,㈜한화미 구도일주유소 두꺼비,서울 서대문구 성산로 312,1679.0,Y,S-OIL,서대문구
116,남정주유소,서울 서대문구 모래내로 243 (남가좌동),1688.0,N,GS칼텍스,서대문구
117,중앙에너비스 동교지점,서울 서대문구 연희로 12 (창천동),1718.0,Y,SK에너지,서대문구
118,(주)안국에너지 삼보셀프주유소,서울 서대문구 연희로 78 (연희동),1728.0,Y,SK에너지,서대문구
119,행촌제2주유소,서울 서대문구 성산로 490 (대신동),1738.0,Y,SK에너지,서대문구
120,광호주유소,서울 서대문구 연희로 266 (홍은동),1745.0,N,SK에너지,서대문구
121,연희주유소,서울 서대문구 연희로 129 (연희동 89-7번지),1745.0,N,SK에너지,서대문구
122,㈜우남에너지 문화사랑주유소,서울 서대문구 세검정로 87,1759.0,Y,S-OIL,서대문구
123,㈜동화오일 대원주유소,서울 광진구 용마산로 122 (중곡동),1645.0,Y,GS칼텍스,광진구
124,(주)자연에너지 중원주유소,서울 광진구 동일로 398 (중곡동),1645.0,Y,HD현대오일뱅크,광진구
125,(주)창원CW,서울 광진구 광나루로 460 (화양동),1645.0,Y,HD현대오일뱅크,광진구
126,삼호주유소,서울 광진구 천호대로 809 (광장동),1655.0,Y,S-OIL,광진구
127,HD현대오일뱅크㈜직영 능동주유소,서울 광진구 천호대로 584 (능동),1655.0,Y,HD현대오일뱅크,광진구
128,HD현대오일뱅크㈜직영 장호셀프주유소,서울 광진구 자양로 37,1665.0,Y,HD현대오일뱅크,광진구
129,용마주유소,서울 광진구 용마산로 68 (중곡동),1670.0,N,GS칼텍스,광진구
130,정해네트웍스(주)일진주유소,서울 광진구 동일로 413 (중곡동),1675.0,Y,S-OIL,광진구
131,서울중앙고속주유소,서울 광진구 동일로 345 (중곡동),1675.0,Y,SK에너지,광진구
132,(주)장수주유소,서울 광진구 동일로 266 (군자동),1675.0,Y,SK에너지,광진구
133,HD현대오일뱅크㈜직영 중곡현대주유소,서울 광진구 동일로 435 (중곡동),1675.0,Y,HD현대오일뱅크,광진구
134,유니스에너지 자양주유소,서울 광진구 아차산로 298 (자양동),1778.0,N,SK에너지,광진구
135,강평주유소,서울 광진구 아차산로 616,1938.0,N,SK에너지,광진구
136,우림주유소,서울 중랑구 용마산로 487 (망우제3동),1643.0,Y,GS칼텍스,중랑구
137,(주)자연에너지 대창주유소,서울 중랑구 동일로 636 (면목동),1645.0,Y,HD현대오일뱅크,중랑구
138,대양주유소,서울 중랑구 봉우재로 105 (상봉동),1653.0,Y,GS칼텍스,중랑구
139,대원주유소,서울 중랑구 동일로 600,1655.0,Y,GS칼텍스,중랑구
140,구도일주유소 동천,서울 중랑구 동일로 654 (면목동),1655.0,Y,S-OIL,중랑구
141,면목SELF주유소,서울 중랑구 동일로 627 (면목동),1655.0,Y,SK에너지,중랑구
142,오천만주유소,서울 중랑구 동일로 547 (면목동),1657.0,Y,S-OIL,중랑구
143,(주)태영 구도일주유소 한인,서울 중랑구 망우로 170,1687.0,Y,S-OIL,중랑구
144,범아주유소,서울 중랑구 동일로 881,1729.0,N,S-OIL,중랑구
145,신내주유소,서울 중랑구 용마산로 705 (신내동),1739.0,Y,SK에너지,중랑구
146,용마로주유소,서울 중랑구 용마산로 309 (면목동),1758.0,Y,SK에너지,중랑구
147,신일셀프주유소,서울 중랑구 상봉로 58 (망우동),1798.0,Y,SK에너지,중랑구
148,(주)강서오일,서울 영등포구 도신로 151,1648.0,Y,HD현대오일뱅크,영등포구
149,성락주유소,서울 영등포구 가마산로 414 (신길동),1648.0,Y,S-OIL,영등포구
150,남서울고속주유소,서울 영등포구 가마산로 367 (대림동),1668.0,Y,SK에너지,영등포구
151,도림주유소,서울 영등포구 도림로 343 (도림동),1668.0,Y,알뜰주유소,영등포구
152,(주)대청에너지 대청주유소,서울 영등포구 가마산로 328 (대림동),1668.0,Y,GS칼텍스,영등포구
153,행촌주유소,서울 영등포구 도신로 130 (신길동),1668.0,Y,SK에너지,영등포구
154,지에스칼텍스㈜ 신길주유소,서울 영등포구 신길로 74 (신길동),1668.0,Y,GS칼텍스,영등포구
155,한경석유(주)경덕주유소,서울 영등포구 여의대방로23길 2 (신길동),1668.0,Y,SK에너지,영등포구
156,(주)MS오일,서울 영등포구 대림로 230,1668.0,N,HD현대오일뱅크,영등포구
157,영등포제일셀프주유소,서울 영등포구 가마산로 379,1668.0,Y,HD현대오일뱅크,영등포구
158,㈜지에스이앤알 모드니주유소,서울 영등포구 경인로 789,1669.0,N,GS칼텍스,영등포구
159,㈜지에스이앤알 보라주유소,서울 영등포구 영등포로 399 (신길동),1669.0,N,GS칼텍스,영등포구
160,씨앤에스유통(주) 한일주유소,서울 영등포구 도림로 486 (문래동3가),1694.0,Y,S-OIL,영등포구
161,HD현대오일뱅크㈜직영 대일셀프주유소,서울 영등포구 영등포로 168,1698.0,Y,HD현대오일뱅크,영등포구
162,SK에너지(주) 신길동주유소,서울 영등포구 영등포로 348 (신길동),1714.0,N,SK에너지,영등포구
163,지에스칼텍스㈜ 화일주유소,서울 영등포구 도림로 415,1719.0,Y,GS칼텍스,영등포구
164,SK에너지(주) 양평주유소,서울 영등포구 선유로 195 (양평동3가),1724.0,Y,SK에너지,영등포구
165,씨앤에스유통 한성주유소,서울 영등포구 여의대방로 227,1725.0,N,S-OIL,영등포구
166,(주)한미석유 제2한강주유소,서울 영등포구 선유로 260 (양평동4가),1758.0,Y,GS칼텍스,영등포구
167,SK에너지(주) 기린주유소,서울 영등포구 선유로 270,1758.0,Y,SK에너지,영등포구
168,선유도주유소,서울 영등포구 양평로 141 (양평동5가),1768.0,Y,S-OIL,영등포구
169,국회대로주유소,서울 영등포구 국회대로 746 (여의도동),1799.0,Y,HD현대오일뱅크,영등포구
170,성원이앤에스(주)영등포지점,서울 영등포구 국회대로52길 9-13 (영등포동7가),2095.0,N,GS칼텍스,영등포구
171,버드나룻길주유소,서울 영등포구 버드나루로 111 (당산동),2185.0,N,SK에너지,영등포구
172,KH에너지㈜직영 KH여의도주유소,서울 영등포구 국회대로 794 (여의도동),2195.0,N,SK에너지,영등포구
173,SJ오일(주) 여의도주유소,서울 영등포구 은행로 64,2255.0,N,GS칼텍스,영등포구
174,재건에너지 재정제2주유소 고속셀프지점,서울특별시 강동구  천호대로 1246 (둔촌제2동),1685.0,Y,HD현대오일뱅크,강동구
175,구천면주유소,서울 강동구 구천면로 357 (암사동),1693.0,N,HD현대오일뱅크,강동구
176,방아다리주유소,서울 강동구 동남로 811 (명일동),1725.0,Y,SK에너지,강동구
177,지에스칼텍스㈜ 동서울주유소,서울 강동구 천호대로 1456 (상일동),1749.0,Y,GS칼텍스,강동구
178,(주)소모 신월주유소,서울 강동구 양재대로 1323,1776.0,Y,GS칼텍스,강동구
179,sk해뜨는주유소,서울 강동구  상일로 132 (강일동),1789.0,Y,SK에너지,강동구
180,대성석유(주)길동주유소,서울 강동구 천호대로 1168,1796.0,N,GS칼텍스,강동구
181,(주)삼표에너지 고덕주유소,서울 강동구 고덕로 39 (암사동),1796.0,Y,GS칼텍스,강동구
182,(주)퍼스트오일 코알라주유소,서울특별시 강동구  올림픽로 556 (성내동),1810.0,Y,S-OIL,강동구
183,(주)소모 성내주유소,서울 강동구 올림픽로 578 (성내동),1818.0,Y,GS칼텍스,강동구
184,주)지유에너지직영 오렌지주유소,서울 강동구 성안로 102 (성내동),1824.0,N,SK에너지,강동구
185,천호현대주유소,서울 강동구 천중로 67 (천호동),1938.0,N,HD현대오일뱅크,강동구
186,광성주유소,서울 강동구 올림픽로 673 (천호동),1968.0,N,S-OIL,강동구
187,(주)서울에너지 직영,서울 성동구 천호대로 324 (용답동),1605.0,Y,S-OIL,성동구
188,㈜성동에너지,서울 성동구 천호대로 392,1605.0,Y,HD현대오일뱅크,성동구
189,정호주유소,서울 성동구 고산자로 307 (마장동),1668.0,N,자가상표,성동구
190,KLP제2주유소,서울 성동구 동일로 249 (송정동),1675.0,Y,HD현대오일뱅크,성동구
191,KH에너지㈜직영 성수만세주유소,서울 성동구 왕십리로 109,1683.0,Y,SK에너지,성동구
192,지에스칼텍스㈜ 도루코주유소,서울 성동구 아차산로 180,1683.0,Y,GS칼텍스,성동구
193,HD현대오일뱅크㈜직영 효진주유소,서울 성동구 동일로 129,1687.0,N,HD현대오일뱅크,성동구
194,동일주유소,서울 성동구 광나루로 254 (성수동2가),1688.0,N,GS칼텍스,성동구
195,아이콘주유소,서울 성동구 고산자로 273 (도선동),1708.0,Y,S-OIL,성동구
196,SK에너지(주) 군자동주유소,서울특별시 성동구  천호대로 446 (용답동),1729.0,N,SK에너지,성동구
197,HD현대오일뱅크㈜직영 성동셀프주유소,서울 성동구 마장로 311 (마장동),1757.0,Y,HD현대오일뱅크,성동구
198,SK에너지(주) 성수주유소,서울 성동구 뚝섬로 352,1779.0,N,SK에너지,성동구
199,SK세원2주유소,서울 성동구 광나루로 184,1798.0,N,SK에너지,성동구
200,금호주유소,서울 성동구 금호로 39 (금호동4가),1995.0,N,GS칼텍스,성동구
201,청계로주유소,서울 성동구 청계천로 454 (하왕십리동),2195.0,N,SK에너지,성동구
202,(주)옥수하이웨이스테이션,서울 성동구 독서당로 168 (옥수동),2298.0,N,GS칼텍스,성동구
203,만남의광장주유소,서울 서초구 양재대로12길 73-71,1659.0,Y,알뜰(ex),서초구
204,씨앤에스유통㈜ 내곡드림주유소,서울 서초구 헌릉로 177 (내곡동),1685.0,Y,S-OIL,서초구
205,(주)대농석유 남태령주유소,서울 서초구 과천대로 838 (방배동),1695.0,Y,SK에너지,서초구
206,에너지 플러스 허브 내곡,서울 서초구 헌릉로 210,1699.0,Y,GS칼텍스,서초구
207,극동유화(주) 전당앞주유소,서울 서초구 남부순환로 2391 (서초동),1715.0,Y,S-OIL,서초구
208,양재최고주유소,서울 서초구 매헌로 72 (양재동),1724.0,N,S-OIL,서초구
209,(주)한미석유 서초주유소,서울 서초구 반포대로 64 (서초동),1725.0,Y,GS칼텍스,서초구
210,지에스칼텍스(주)선천주유소,서울 서초구 동작대로 206 (방배동),1735.0,N,GS칼텍스,서초구
211,서초꽃마을주유소,서울 서초구 반포대로 69 (서초동),1735.0,Y,GS칼텍스,서초구
212,한독주유소,서울 서초구 방배로 218 (방배동),1735.0,Y,GS칼텍스,서초구
213,대성산업(주)직영 강남주유소,서울 서초구 반포대로 284 (반포동),1735.0,Y,GS칼텍스,서초구
214,신반포주유소,서울 서초구 사평대로 94 (반포동),1735.0,Y,SK에너지,서초구
215,말죽거리주유소,서울 서초구 남부순환로 2650,1736.0,N,GS칼텍스,서초구
216,반포그린주유소,서울 서초구 서초중앙로 239,1738.0,Y,GS칼텍스,서초구
217,HD현대오일뱅크㈜직영 사평로주유소,서울 서초구 사평대로 350 (서초동),1738.0,N,HD현대오일뱅크,서초구
218,에너지플러스허브 삼방주유소,서울 서초구 사평대로 364 (서초동),1738.0,Y,GS칼텍스,서초구
219,태봉셀프주유소,서울 서초구 태봉로 117 (우면동),1743.0,Y,SK에너지,서초구
220,에쓰오일(주)직영 오토테크주유소,서울특별시 서초구  효령로 356 (서초동),1746.0,Y,S-OIL,서초구
221,대성석유(주)연일주유소,서울 서초구 남부순환로 2451,1749.0,N,GS칼텍스,서초구
222,HD현대오일뱅크㈜직영 팔레스주유소,서울 서초구 사평대로 136 (반포동),1755.0,N,HD현대오일뱅크,서초구
223,양재주유소,서울 서초구 바우뫼로 178,1756.0,N,SK에너지,서초구
224,대성산업(주)직영 터미널(고속)주유소,서울 서초구 신반포로 222 (반포동),1765.0,N,GS칼텍스,서초구
225,HD현대오일뱅크㈜직영 방배현대주유소,서울 서초구 동작대로 182 (방배동),1773.0,N,HD현대오일뱅크,서초구
226,HD현대오일뱅크㈜직영 양재현대주유소,서울 서초구 마방로 6,1776.0,N,HD현대오일뱅크,서초구
227,대신석유(주)대우주유소,서울 서초구 양재대로 173 (양재동),1777.0,Y,SK에너지,서초구
228,서초우면산주유소,서울 서초구 양재대로2길 100-30,1778.0,Y,S-OIL,서초구
229,HD현대오일뱅크㈜직영 서초제일주유소,서울 서초구 사임당로 116,1782.0,N,HD현대오일뱅크,서초구
230,지에스칼텍스(주)남서울주유소,서울 서초구 나루터로 83 (잠원동),1830.0,Y,GS칼텍스,서초구
231,방배동주유소,서울 서초구 효령로 29,1893.0,N,SK에너지,서초구
232,대신석유㈜서원주유소,서울 서초구 반포대로 142 (서초동),2068.0,N,SK에너지,서초구
233,(주)선문에너지 중앙주유소,서울특별시 서초구  바우뫼로 219 (양재1동),2258.0,N,HD현대오일뱅크,서초구
234,(주)화동유업 화동주유소,서울 금천구 시흥대로 484,1662.0,Y,SK에너지,금천구
235,(주)백운주유소,서울 금천구 시흥대로 282,1663.0,Y,알뜰주유소,금천구
236,구광주유소,서울 금천구 서부샛길 674 (가산동),1675.0,N,S-OIL,금천구
237,대득에너지(금천셀프주유소),서울 금천구  시흥대로 81 (시흥동),1695.0,Y,GS칼텍스,금천구
238,HD현대오일뱅크㈜직영 금천현대셀프주유소,서울 금천구 독산로 147 (시흥동),1696.0,Y,HD현대오일뱅크,금천구
239,백산주유소,서울특별시 금천구  시흥대로 174 (시흥동),1725.0,Y,S-OIL,금천구
240,HD현대오일뱅크㈜직영 남서울셀프주유소,서울 금천구 독산로 257 (독산동),1738.0,Y,HD현대오일뱅크,금천구
241,SK에너지(주) 이가주유소,서울 금천구 시흥대로 441,1739.0,N,SK에너지,금천구
242,SK에너지(주) 박미주유소,서울 금천구 시흥대로 39-7 (시흥동),1760.0,Y,SK에너지,금천구
243,지에스칼텍스(주)일신주유소,서울 금천구 시흥대로 118,1765.0,Y,GS칼텍스,금천구
244,현대오일뱅크㈜직영 금천제일주유소,서울 금천구 남부순환로 1410 (독산동),1789.0,N,HD현대오일뱅크,금천구
245,화곡역주유소,서울 강서구 강서로 154 (화곡동),1638.0,Y,알뜰주유소,강서구
246,이케이에너지(주) 강서주유소,서울 강서구 화곡로 273 (화곡동),1638.0,Y,HD현대오일뱅크,강서구
247,행촌에너지 공항주유소,서울 강서구 개화동로 420 (개화동),1650.0,Y,HD현대오일뱅크,강서구
248,피트인 하이웨이,서울 강서구 공항대로 432,1654.0,Y,S-OIL,강서구
249,강서오곡셀프주유소,서울 강서구 벌말로 254 (오곡동),1655.0,Y,SK에너지,강서구
250,㈜오일마스터강서지점 등촌주유소,서울 강서구 등촌로 189,1659.0,N,HD현대오일뱅크,강서구
251,지에스칼텍스㈜ 경인고속주유소,서울 강서구 국회대로 225 (화곡동),1662.0,Y,GS칼텍스,강서구
252,목화주유소,서울 강서구 국회대로 251 (화곡동),1662.0,Y,알뜰주유소,강서구
253,㈜한경에너지 신화곡주유소,서울 강서구 국회대로 71,1662.0,Y,SK에너지,강서구
254,뉴신정주유소,서울 강서구 곰달래로 207,1662.0,N,알뜰주유소,강서구
255,(주)타이거오일 방화주유소,서울 강서구 방화동로 58-2,1664.0,Y,SK에너지,강서구
256,유턴주유소,서울 강서구 남부순환로 57,1675.0,Y,알뜰주유소,강서구
257,씨앤에스유통(주) 마곡드림주유소,서울 강서구 방화대로 254(마곡동),1675.0,Y,S-OIL,강서구
258,스카이주유소,서울 강서구 개화동로 457 (방화동),1677.0,Y,S-OIL,강서구
259,KH에너지㈜직영 KH외발산주유소,서울 강서구 방화대로 30,1697.0,Y,SK에너지,강서구
260,강서열린주유소,서울 강서구 등촌로 213 (등촌동),1698.0,N,GS칼텍스,강서구
261,오션네트웍스(주) 서울식물원지점,서울 강서구 양천로 300,1699.0,Y,SK에너지,강서구
262,HD현대오일뱅크㈜직영 양화교셀프주유소,서울 강서구 공항대로 653,1704.0,Y,HD현대오일뱅크,강서구
263,KH에너지㈜직영 가양주유소,서울 강서구 강서로 498 (가양동),1709.0,N,SK에너지,강서구
264,대성석유(주) 마곡대성주유소,서울 강서구 강서로 457,1719.0,Y,GS칼텍스,강서구
265,화곡현대주유소,서울 강서구 강서로 151 (화곡동),1723.0,Y,SK에너지,강서구
266,대성석유(주)방화대성주유소,서울 강서구 양천로 176,1729.0,Y,GS칼텍스,강서구
267,개화주유소,서울 강서구 양천로 57,1737.0,Y,SK에너지,강서구
268,세원제1주유소,서울 강서구 양천로 311 (가양동),1738.0,Y,SK에너지,강서구
269,우장산주유소,서울 강서구 강서로 292,1738.0,Y,SK에너지,강서구
270,대성주유소,서울 강서구 강서로 472,1739.0,N,GS칼텍스,강서구
271,대성석유(주) 관문주유소,서울 강서구 공항대로 314,1739.0,N,GS칼텍스,강서구
272,HD현대오일뱅크㈜직영 가양주유소,서울 강서구  양천로 391 (가양동),1759.0,N,HD현대오일뱅크,강서구
273,(주)한진 김포공항제2주유소,서울 강서구 하늘길 112,1776.0,Y,S-OIL,강서구
274,박물관주유소,서울 강서구 양천로53길 97 (가양동),1798.0,N,GS칼텍스,강서구
275,코리나(주)청룡주유소,서울 강서구 양천로 576,1828.0,N,SK에너지,강서구
276,참솔에너지,서울 강서구 벌말로 281 (오곡동),1897.0,Y,S-OIL,강서구
277,염창동주유소,서울 강서구 양천로 720,2030.0,N,SK에너지,강서구
278,송파스마일주유소,서울 송파구 송이로 28,1693.0,Y,GS칼텍스,송파구
279,한강에너지(주)퍼스트주유소,서울 송파구 삼학사로 22 (석촌동),1693.0,Y,SK에너지,송파구
280,㈜지에스이앤알 송파제일주유소,서울 송파구 삼학사로 50 (석촌동),1693.0,Y,HD현대오일뱅크,송파구
281,삼화주유소,서울 송파구 백제고분로 125,1703.0,Y,GS칼텍스,송파구
282,(주)삼표에너지 아시아주유소,서울 송파구 도곡로 438 (잠실동),1703.0,Y,GS칼텍스,송파구
283,(주)신화에너지 서울지점,서울 송파구 가락로 47 (석촌동),1713.0,Y,SK에너지,송파구
284,HD현대오일뱅크㈜직영 잠실셀프주유소,서울 송파구 송파대로 397,1713.0,Y,HD현대오일뱅크,송파구
285,상아주유소,서울 송파구 거마로 82,1715.0,Y,S-OIL,송파구
286,(주)잠실에너지,서울 송파구 송파대로 442 (송파동),1723.0,Y,S-OIL,송파구
287,위례드림주유소,서울시 송파구  위례중앙로 10,1723.0,Y,S-OIL,송파구
288,위례제일주유소 (주)버드에너지,서울 송파구 위례서로 260,1723.0,Y,S-OIL,송파구
289,(주)삼표에너지 훼미리주유소,서울 송파구 중대로 58,1723.0,Y,GS칼텍스,송파구
290,(주)정직한주유소,서울 송파구 오금로 455 (거여동),1725.0,Y,HD현대오일뱅크,송파구
291,(주)퍼스트오일서울주유소,서울 송파구 문정로 153,1730.0,N,S-OIL,송파구
292,지에스칼텍스(주)가든파이브주유소,서울 송파구 탄천동로 740,1733.0,Y,GS칼텍스,송파구
293,남성대주유소,서울 송파구 송파대로 52 (장지동),1733.0,Y,SK에너지,송파구
294,지에스칼텍스(주)스마트위례주유소,서울 송파구 위례중앙로 43 (장지동),1733.0,Y,GS칼텍스,송파구
295,대성주유소,서울 송파구 마천로 230,1738.0,N,SK에너지,송파구
296,제트라인DM주유소,서울 송파구 중대로 183 (가락동),1739.0,N,HD현대오일뱅크,송파구
297,(주)삼표에너지 우리주유소,서울 송파구 동남로 153,1742.0,Y,GS칼텍스,송파구
298,(주)유진주유소,서울 송파구 동남로 325 (오금동),1742.0,N,SK에너지,송파구
299,완불주유소,서울 송파구 송파대로 3,1772.0,Y,SK에너지,송파구
300,대성석유(주)석촌주유소,서울 송파구 백제고분로 289,1777.0,N,GS칼텍스,송파구
301,백제고분로주유소,서울 송파구 오금로 143 (방이동),1787.0,Y,SK에너지,송파구
302,방이주유소,서울 송파구 위례성대로12길 38 (방이동),1787.0,N,SK에너지,송파구
303,HD현대오일뱅크㈜직영 올림픽셀프주유소,서울 송파구 위례성대로 188 (오금동),1789.0,Y,HD현대오일뱅크,송파구
304,(유)호림플러스홀딩스 남성주유소,서울 송파구 백제고분로 474,1793.0,Y,HD현대오일뱅크,송파구
305,대신석유(주)진양주유소,서울 송파구 올림픽로 499 (풍납동),1968.0,N,SK에너지,송파구
306,(주)타이거통상 월드컵주유소,서울 마포구 월드컵북로 170 (성산제2동),1659.0,Y,S-OIL,마포구
307,마포시엠주유소,서울 마포구 월드컵북로 62,1669.0,N,SK에너지,마포구
308,청원주유소,서울 마포구 월드컵북로 113 (성산동),1679.0,Y,HD현대오일뱅크,마포구
309,성산대교셀프주유소,서울 마포구 성산로 144,1679.0,Y,HD현대오일뱅크,마포구
310,(주)안국에너지 망원동주유소,서울 마포구 월드컵로 119 (망원동),1758.0,N,SK에너지,마포구
311,용강주유소,서울 마포구 토정로 258,1779.0,N,S-OIL,마포구
312,에쓰오일(주) 염리동주유소,서울 마포구 백범로 126 (염리동),1779.0,Y,S-OIL,마포구
313,마포주유소,서울 마포구 마포대로 186,1792.0,Y,S-OIL,마포구
314,(주)만성상사 대흥주유소,서울 마포구 대흥로 61 (대흥동),1799.0,N,SK에너지,마포구
315,에스에스오토셀프,서울 마포구 서강로 76 (창전동),1799.0,Y,HD현대오일뱅크,마포구
316,SK에너지 양지주유소,서울 마포구 마포대로 69 (도화동),1815.0,N,SK에너지,마포구
317,SK에너지(주) 안국주유소,서울 마포구 양화로 33,1819.0,N,SK에너지,마포구
318,개봉주유소,서울 구로구 고척로 115 (개봉동),1647.0,Y,HD현대오일뱅크,구로구
319,지에스칼텍스㈜ 개봉동주유소,서울 구로구 경인로 290,1647.0,Y,GS칼텍스,구로구
320,(주)서울에너지 궁동주유소,서울 구로구 오리로 1299 (궁동),1647.0,Y,HD현대오일뱅크,구로구
321,영진주유소,서울 구로구 구로동로 20 (가리봉동),1647.0,Y,HD현대오일뱅크,구로구
322,㈜자연에너지 고척주유소,서울 구로구 고척로 199 (고척동),1647.0,Y,HD현대오일뱅크,구로구
323,씨앤에스유통(주) 구로드림주유소,서울 구로구 경인로 41 (온수동),1665.0,Y,S-OIL,구로구
324,신성주유소,서울 구로구 구로동로 187 (구로제2동),1666.0,Y,알뜰주유소,구로구
325,(주)한미석유구로그린주유소,서울 구로구 구로중앙로 76 (구로동),1668.0,Y,GS칼텍스,구로구
326,극동유화(주) 항동주유소,서울 구로구 서해안로 2154 (항동),1675.0,Y,S-OIL,구로구
327,대성산업(주)디큐브주유소,서울 구로구 경인로 650,1695.0,N,GS칼텍스,구로구
328,서서울고속주유소,서울 구로구 경인로 150 (오류동),1695.0,Y,SK에너지,구로구
329,구인주유소,서울 구로구 경인로 558 (구로동),1697.0,N,SK에너지,구로구
330,SK구로주유소,서울 구로구 구일로 94 (구로동),1697.0,N,SK에너지,구로구
331,HD현대오일뱅크㈜직영 구로셀프주유소,서울 구로구 시흥대로 531,1729.0,Y,HD현대오일뱅크,구로구
332,대원셀프주유소,서울 구로구 개봉로 7,1798.0,Y,HD현대오일뱅크,구로구
333,(주)제이제이네트웍스 신구로주유소,서울 구로구 가마산로 293 (구로동),1948.0,N,HD현대오일뱅크,구로구
334,동아주유소,서울 구로구 도림로 91 (구로동),1998.0,N,S-OIL,구로구
335,구로주유소,서울 구로구 구로동로 137 (구로동),2290.0,N,GS칼텍스,구로구
336,㈜원천주유소,서울 성북구 돌곶이로 142,1643.0,Y,GS칼텍스,성북구
337,신방주유소,서울 성북구 안암로 111 (안암동5가),1645.0,N,S-OIL,성북구
338,㈜스마일에너지 신동방주유소,서울 성북구 월계로 84 (장위동),1645.0,Y,S-OIL,성북구
339,이케이에너지(주) 강산제2주유소,서울 성북구 보국문로 52,1645.0,Y,HD현대오일뱅크,성북구
340,이케이에너지㈜ 강산주유소,서울 성북구 보문로 27 (보문동7가),1645.0,Y,GS칼텍스,성북구
341,(주)성북주유소,서울 성북구 보문로 142,1645.0,Y,HD현대오일뱅크,성북구
342,(주)삼표에너지 정릉주유소,서울 성북구 보국문로 35 (정릉동),1645.0,Y,GS칼텍스,성북구
343,중앙에너비스 종암지점,서울 성북구 종암로 58,1655.0,Y,SK에너지,성북구
344,HD현대오일뱅크㈜직영 북악셀프주유소,서울 성북구 정릉로 218 (정릉동),1665.0,Y,HD현대오일뱅크,성북구
345,HD현대오일뱅크㈜직영 고대셀프주유소,서울 성북구 종암로 12 (종암동),1665.0,Y,HD현대오일뱅크,성북구
346,장위주유소,서울 성북구 화랑로 110 (하월곡동),1674.0,Y,S-OIL,성북구
347,장삼 쌍둥이 주유소,서울 성북구 한천로 612 (장위동),1675.0,Y,HD현대오일뱅크,성북구
348,SK에너지(주) 드림랜드주유소,서울 성북구 월계로 128 (장위동),1675.0,N,SK에너지,성북구
349,지에스칼텍스(주) 종암주유소,서울 성북구 종암로 145 (종암동),1675.0,Y,GS칼텍스,성북구
350,동일주유소,서울특별시 성북구  보문로 85 (보문동5가),1693.0,Y,S-OIL,성북구
351,㈜명연에너지 효성주유소,서울 성북구 화랑로 27,1695.0,Y,GS칼텍스,성북구
352,우리주유소,서울 성북구 화랑로 292,1714.0,Y,SK에너지,성북구
353,(주)신용 구도일주유소화랑로,서울 성북구 화랑로 174,1723.0,Y,S-OIL,성북구
354,지에스칼텍스㈜ 화랑주유소,서울 성북구 화랑로 185,1749.0,N,GS칼텍스,성북구
355,HD현대오일뱅크㈜직영 아리랑주유소,서울 성북구 아리랑로 96,1785.0,N,HD현대오일뱅크,성북구
356,삼선주유소,서울 성북구 창경궁로 324,1798.0,Y,S-OIL,성북구
357,아이에스피시그넷㈜ 서울북부고속주유소,서울 성북구 삼양로 78,1899.0,N,HD현대오일뱅크,성북구
358,지에스칼텍스㈜ 세창주유소,서울 성북구 동소문로 323,1945.0,Y,GS칼텍스,성북구
359,지에스칼텍스㈜ 은마주유소,서울 강남구 영동대로 235,1719.0,N,GS칼텍스,강남구
360,(주)보성 세곡주유소,서울 강남구  헌릉로 731 (세곡동),1728.0,Y,SK에너지,강남구
361,방죽주유소,서울 강남구 밤고개로 215 (율현동),1737.0,Y,GS칼텍스,강남구
362,HD현대오일뱅크㈜직영 도곡셀프주유소,서울 강남구  남부순환로 2718,1739.0,Y,HD현대오일뱅크,강남구
363,오일프러스 셀프,서울 강남구 남부순환로 2651 (도곡동),1739.0,Y,SK에너지,강남구
364,HD현대오일뱅크㈜직영 강남셀프주유소,서울 강남구 도곡로 208,1739.0,Y,HD현대오일뱅크,강남구
365,HD현대오일뱅크㈜직영 산성셀프주유소,서울 강남구 헌릉로 730,1748.0,Y,HD현대오일뱅크,강남구
366,HD현대오일뱅크㈜직영 유진주유소,서울 강남구 논현로 152 (도곡동),1749.0,N,HD현대오일뱅크,강남구
367,자곡셀프주유소,서울 강남구 밤고개로 120 (자곡동),1778.0,Y,SK에너지,강남구
368,(주)중앙에너비스 수서지점,서울 강남구 광평로 202 (수서동),1778.0,Y,SK에너지,강남구
369,일원주유소,서울 강남구 양재대로55길 3 (일원동),1778.0,Y,S-OIL,강남구
370,SK서광주유소,서울 강남구 역삼로 142,1795.0,Y,SK에너지,강남구
371,(주)선진도곡주유소,서울 강남구 도곡로 162 (도곡동),1798.0,N,S-OIL,강남구
372,극동유화㈜ 개나리주유소,서울 강남구 언주로 423 (역삼동),1805.0,Y,S-OIL,강남구
373,대교셀프주유소,서울 강남구 강남대로 640 (신사동),1830.0,Y,SK에너지,강남구
374,삼성동주유소,서울 강남구 테헤란로 619,1865.0,Y,HD현대오일뱅크,강남구
375,지에스칼텍스㈜에너지플러스허브GS타워,서울 강남구 논현로 516 (역삼동),1867.0,Y,GS칼텍스,강남구
376,(유)동하석유 힐탑셀프주유소,서울 강남구 논현로 640,1897.0,Y,SK에너지,강남구
377,대동석유 압구정주유소,서울 강남구 언주로 842 (신사동),1898.0,Y,SK에너지,강남구
378,세진에너지(주) 개포주유소,서울 강남구 양재대로 339,1898.0,Y,GS칼텍스,강남구
379,한양주유소,서울 강남구 압구정로 302 (신사동),1995.0,N,HD현대오일뱅크,강남구
380,HD현대오일뱅크㈜직영 신사현대주유소,서울 강남구 도산대로 163 (신사동),1998.0,N,HD현대오일뱅크,강남구
381,지에스칼텍스㈜ 삼성로주유소,서울 강남구 삼성로 563 (삼성동),2069.0,Y,GS칼텍스,강남구
382,대청주유소,서울 강남구 개포로 654 (일원동),2266.0,N,SK에너지,강남구
383,명품주유소,서울 강남구 도곡로 249 (역삼동),2278.0,Y,S-OIL,강남구
384,㈜새서울석유 새서울주유소,서울 강남구 압구정로 154,2288.0,N,HD현대오일뱅크,강남구
385,(주)소모 쎈트럴주유소,서울 강남구 삼성로 335,2388.0,N,GS칼텍스,강남구
386,SK논현주유소,서울 강남구 논현로 747 (논현동),2435.0,N,SK에너지,강남구
387,(주)제이제이네트웍스 제이제이주유소,서울 강남구 언주로 716,2548.0,N,HD현대오일뱅크,강남구
388,(주)만정에너지 삼보주유소,서울 강남구 봉은사로 433 (삼성동),2620.0,N,GS칼텍스,강남구
389,플라트(주)서호주유소,서울 양천구 남부순환로 317,1649.0,Y,GS칼텍스,양천구
390,현대주유소,서울 양천구 남부순환로 372 (신월동),1649.0,Y,S-OIL,양천구
391,HD현대오일뱅크㈜직영 남부순환셀프주유소,서울 양천구 남부순환로 553 (신월동),1654.0,Y,HD현대오일뱅크,양천구
392,신월주유소,서울 양천구 신월로 193 (신월동),1655.0,Y,GS칼텍스,양천구
393,㈜지에스이앤알 서울주유소,서울 양천구 신정로 236 (신정동),1659.0,Y,GS칼텍스,양천구
394,개나리Self주유소,서울 양천구 남부순환로 442 (신월동),1659.0,Y,SK에너지,양천구
395,가로공원주유소,서울 양천구 가로공원로 165 (신월동),1662.0,N,SK에너지,양천구
396,양천구주유소,서울 양천구 국회대로 275,1662.0,Y,HD현대오일뱅크,양천구
397,(주)타이거오일 신정주유소,서울 양천구 중앙로 226 (신정동),1664.0,Y,SK에너지,양천구
398,삼미상사(주)신월IC셀프주유소,서울 양천구 중앙로 331 (신월동),1684.0,Y,SK에너지,양천구
399,형산석유(주)원주유소,서울 양천구 남부순환로 408,1689.0,N,HD현대오일뱅크,양천구
400,SK에너지(주) 경인주유소,서울 양천구 국회대로 170 (신정동),1696.0,Y,SK에너지,양천구
401,신정동주유소,서울 양천구 안양천로 663 (신정동),1699.0,Y,HD현대오일뱅크,양천구
402,지에스칼텍스㈜ 건지주유소,서울 양천구 안양천로 1171 (목동),1704.0,Y,GS칼텍스,양천구
403,(주)삼표에너지 목동주유소,서울 양천구 목동서로 129 (목동),1704.0,Y,GS칼텍스,양천구
404,SK에너지㈜ 신평,서울 양천구 목동남로 62,1710.0,N,SK에너지,양천구
405,현대오일뱅크(주)직영 양천현대셀프주유소,서울 양천구 안양천로 1179 (목동),1724.0,Y,HD현대오일뱅크,양천구
406,현대오일뱅크㈜직영 목동셀프주유소,서울 양천구 공항대로 648 (목동),1724.0,Y,HD현대오일뱅크,양천구
407,목동주유소,서울 양천구 목동중앙로 125 (목동),1728.0,Y,SK에너지,양천구
408,현대오일뱅크(주)직영 양천셀프주유소,서울 양천구 목동로 17,1739.0,Y,HD현대오일뱅크,양천구
409,현대오일뱅크(주)직영 양정주유소,서울 양천구 국회대로 158 (신정동),1747.0,N,HD현대오일뱅크,양천구
410,(주)서부트럭터미날,서울 양천구 신정로 167 (신정동),1749.0,N,HD현대오일뱅크,양천구
411,신양주유소,서울 양천구 지양로 67,1844.0,N,SK에너지,양천구
412,현대오일뱅크(주)직영 신목동셀프주유소,서울 양천구 목동동로10길 13,1859.0,Y,HD현대오일뱅크,양천구
413,주식회사 새서울글로벌,서울 동작구 시흥대로 616 (신대방동),1668.0,Y,HD현대오일뱅크,동작구
414,창원이엔지주유소,서울 동작구 사당로 59 (상도동),1689.0,Y,HD현대오일뱅크,동작구
415,지에스칼텍스(주) 대방주유소,서울 동작구 여의대방로 214,1699.0,N,GS칼텍스,동작구
416,HD현대오일뱅크㈜직영 사당셀프주유소,서울 동작구 동작대로 73 (사당동),1724.0,Y,HD현대오일뱅크,동작구
417,지에스칼텍스㈜직영 남성주유소,서울 동작구 동작대로 135,1735.0,Y,GS칼텍스,동작구
418,HD현대오일뱅크㈜직영 동작주유소,서울 동작구 상도로 403 (상도동),1754.0,N,HD현대오일뱅크,동작구
419,HD현대오일뱅크㈜직영 흑석동셀프주유소,서울 동작구 현충로 101 (흑석동),1764.0,Y,HD현대오일뱅크,동작구
420,매일주유소,서울 동작구 상도로 139 (상도동),1799.0,Y,S-OIL,동작구
421,살피재주유소,서울 동작구 상도로 334,1895.0,N,SK에너지,동작구
