,상호,전화번호,주소,상표,부가정보,,구
0,지에스칼텍스㈜ 은마주유소,02-3452-1882,서울 강남구 영동대로 235,GS칼텍스,"세차장, 경정비",,강남구
1,HD현대오일뱅크㈜직영 강남셀프주유소,02-3462-0018,서울 강남구 도곡로 208,HD현대오일뱅크,세차장,,강남구
2,(주)보성 세곡주유소,02-445-6870,서울 강남구 헌릉로 731 (세곡동),SK에너지,세차장,,강남구
3,방죽주유소,02-459-3434,서울 강남구 밤고개로 215 (율현동),GS칼텍스,세차장,,강남구
4,HD현대오일뱅크㈜직영 도곡셀프주유소,02-529-5101,서울 강남구 남부순환로 2718,HD현대오일뱅크,"세차장, 경정비",,강남구
5,오일프러스 셀프,02-3462-5100,서울 강남구 남부순환로 2651 (도곡동),SK에너지,"세차장, 경정비, 24시영업",,강남구
6,HD현대오일뱅크㈜직영 산성셀프주유소,02-2226-4963,서울 강남구 헌릉로 730,HD현대오일뱅크,세차장,,강남구
7,HD현대오일뱅크㈜직영 유진주유소,02-3462-5215,서울 강남구 논현로 152 (도곡동),HD현대오일뱅크,"세차장, 경정비",,강남구
8,일원주유소,02-2226-5188,서울 강남구 양재대로55길 3 (일원동),S-OIL,,,강남구
9,자곡셀프주유소,02-445-5841,서울 강남구 밤고개로 120 (자곡동),SK에너지,세차장,,강남구
10,(주)중앙에너비스 수서지점,070-8707-4582,서울 강남구 광평로 202 (수서동),SK에너지,세차장,,강남구
11,SK서광주유소,02-562-4855,서울 강남구 역삼로 142,SK에너지,"세차장, 경정비, 24시영업",,강남구
12,(주)선진도곡주유소,02-2058-3024,서울 강남구 도곡로 162 (도곡동),S-OIL,"세차장, 경정비",,강남구
13,극동유화㈜ 개나리주유소,02-564-0186,서울 강남구 언주로 423 (역삼동),S-OIL,"세차장, 경정비, 24시영업",,강남구
14,대교셀프주유소,02-512-5521,서울 강남구 강남대로 640 (신사동),SK에너지,,,강남구
15,삼성동주유소,02-508-6572,서울 강남구 테헤란로 619,HD현대오일뱅크,세차장,,강남구
16,지에스칼텍스㈜에너지플러스허브GS타워,02-539-5145,서울 강남구 논현로 516 (역삼동),GS칼텍스,"경정비, 24시영업",,강남구
17,(유)동하석유 힐탑셀프주유소,02-544-4075,서울 강남구 논현로 640,SK에너지,"세차장, 24시영업",,강남구
18,대동석유 압구정주유소,02-545-6161,서울 강남구 언주로 842 (신사동),SK에너지,"세차장, 24시영업",,강남구
19,세진에너지(주) 개포주유소,02-573-9031,서울 강남구 양재대로 339,GS칼텍스,세차장,,강남구
20,한양주유소,02-3444-0804,서울 강남구 압구정로 302 (신사동),HD현대오일뱅크,세차장,,강남구
21,HD현대오일뱅크㈜직영 신사현대주유소,02-546-2182,서울 강남구 도산대로 163 (신사동),HD현대오일뱅크,세차장,,강남구
22,지에스칼텍스㈜ 삼성로주유소,02-538-5138,서울 강남구 삼성로 563 (삼성동),GS칼텍스,"세차장, 24시영업",,강남구
23,대청주유소,02-445-5500,서울 강남구 개포로 654 (일원동),SK에너지,세차장,,강남구
24,명품주유소,02-501-1256,서울 강남구 도곡로 249 (역삼동),S-OIL,"세차장, 24시영업",,강남구
25,㈜새서울석유 새서울주유소,02-543-1154,서울 강남구 압구정로 154,HD현대오일뱅크,"세차장, 24시영업",,강남구
26,(주)소모 쎈트럴주유소,02-565-0267,서울 강남구 삼성로 335,GS칼텍스,세차장,,강남구
27,SK논현주유소,02-511-0955,서울 강남구 논현로 747 (논현동),SK에너지,"세차장, 경정비, 24시영업",,강남구
28,(주)제이제이네트웍스 제이제이주유소,02-518-5631,서울 강남구 언주로 716,HD현대오일뱅크,"세차장, 24시영업",,강남구
29,(주)만정에너지 삼보주유소,02-518-5141,서울 강남구 봉은사로 433 (삼성동),GS칼텍스,세차장,,강남구
30,구천면주유소,02-441-0536,서울 강동구 구천면로 357 (암사동),HD현대오일뱅크,,,강동구
31,재건에너지 재정제2주유소 고속셀프지점,02-487-2030,서울특별시 강동구 천호대로 1246 (둔촌제2동),HD현대오일뱅크,세차장,,강동구
32,방아다리주유소,02-442-5145,서울 강동구 동남로 811 (명일동),SK에너지,세차장,,강동구
33,지에스칼텍스㈜ 동서울주유소,02-426-5372,서울 강동구 천호대로 1456 (상일동),GS칼텍스,세차장,,강동구
34,대성석유(주)길동주유소,02-474-7222,서울 강동구 천호대로 1168,GS칼텍스,세차장,,강동구
35,(주)소모 신월주유소,02-6956-6674,서울 강동구 양재대로 1323,GS칼텍스,세차장,,강동구
36,sk해뜨는주유소,02-442-7801,서울 강동구 상일로 132 (강일동),SK에너지,"세차장, 경정비",,강동구
37,(주)삼표에너지 고덕주유소,02-441-3327,서울 강동구 고덕로 39 (암사동),GS칼텍스,"세차장, 편의점",,강동구
38,(주)퍼스트오일 코알라주유소,02-484-1162,서울특별시 강동구 올림픽로 556 (성내동),S-OIL,세차장,,강동구
39,(주)소모 성내주유소,02-479-3838,서울 강동구 올림픽로 578 (성내동),GS칼텍스,"세차장, 경정비",,강동구
40,주)지유에너지직영 오렌지주유소,02-484-6165,서울 강동구 성안로 102 (성내동),SK에너지,"세차장, 경정비",,강동구
41,천호현대주유소,02-484-9323,서울 강동구 천중로 67 (천호동),HD현대오일뱅크,"세차장, 경정비",,강동구
42,광성주유소,02-470-5133,서울 강동구 올림픽로 673 (천호동),S-OIL,"세차장, 경정비, 24시영업",,강동구
43,(주)서울에너지 시민주유소,02-907-9496,서울 강북구 인수봉로 185 (수유동),HD현대오일뱅크,,,강북구
44,(주)석산에너지,02-980-1448,서울 강북구 삼양로 316 (수유동),HD현대오일뱅크,,,강북구
45,덕릉로주유소,02-989-9806,서울 강북구 덕릉로 158 (번동),S-OIL,세차장,,강북구
46,(주)자연에너지 번동주유소,02-994-4458,서울 강북구 한천로 963 (번동),HD현대오일뱅크,세차장,,강북구
47,수유동주유소,02-902-9470,서울 강북구 도봉로 395 (수유동),GS칼텍스,24시영업,,강북구
48,㈜지에스이앤알 미아주유소,02-987-5152,서울 강북구 도봉로 122 (미아동),GS칼텍스,세차장,,강북구
49,SK에너지(주) 매일주유소,02-982-8855,서울 강북구 삼양로 217 (미아동),SK에너지,"세차장, 편의점",,강북구
50,씨앤에스유통㈜ 미아셀프주유소,02-945-7999,서울 강북구 도봉로 200 (미아동),S-OIL,세차장,,강북구
51,북서울고속주유소,02-907-5182,서울 강북구 삼양로 410 (수유동),SK에너지,,,강북구
52,대성석유(주)신광주유소,02-908-3320,서울 강북구 삼양로 484,GS칼텍스,"세차장, 경정비",,강북구
53,이케이에너지(주) 강서주유소,02-2699-5219,서울 강서구 화곡로 273 (화곡동),HD현대오일뱅크,"세차장, 경정비",,강서구
54,화곡역주유소,02-2691-5151,서울 강서구 강서로 154 (화곡동),알뜰주유소,24시영업,,강서구
55,행촌에너지 공항주유소,02-2665-5189,서울 강서구 개화동로 420 (개화동),HD현대오일뱅크,"세차장, 경정비, 편의점, 24시영업",,강서구
56,스카이주유소,02-2663-5146,서울 강서구 개화동로 457 (방화동),S-OIL,"세차장, 편의점, 24시영업",,강서구
57,KH에너지㈜직영 KH외발산주유소,032-677-9497,서울 강서구 방화대로 30,SK에너지,"세차장, 충전소, 경정비, 편의점",,강서구
58,피트인 하이웨이,02-2605-4000,서울 강서구 공항대로 432,S-OIL,"세차장, 24시영업",,강서구
59,강서오곡셀프주유소,032-671-5186,서울 강서구 벌말로 254 (오곡동),SK에너지,"세차장, 24시영업",,강서구
60,유턴주유소,02-2665-5047,서울 강서구 남부순환로 57,알뜰주유소,,,강서구
61,㈜오일마스터강서지점 등촌주유소,02-2647-5700,서울 강서구 등촌로 189,HD현대오일뱅크,"세차장, 경정비",,강서구
62,지에스칼텍스㈜ 경인고속주유소,02-2608-5151,서울 강서구 국회대로 225 (화곡동),GS칼텍스,"세차장, 충전소, 24시영업",,강서구
63,목화주유소,02-2654-4564,서울 강서구 국회대로 251 (화곡동),알뜰주유소,세차장,,강서구
64,㈜한경에너지 신화곡주유소,02-2696-5189,서울 강서구 국회대로 71,SK에너지,"세차장, 편의점, 24시영업",,강서구
65,뉴신정주유소,02-2606-1149,서울 강서구 곰달래로 207,알뜰주유소,"경정비, 편의점",,강서구
66,(주)타이거오일 방화주유소,02-2662-0503,서울 강서구 방화동로 58-2,SK에너지,,,강서구
67,씨앤에스유통(주) 마곡드림주유소,02-2667-0113,서울 강서구 방화대로 254(마곡동),S-OIL,세차장,,강서구
68,KH에너지㈜직영 가양주유소,02-3664-6051,서울 강서구 강서로 498 (가양동),SK에너지,"세차장, 경정비, 편의점, 24시영업",,강서구
69,강서열린주유소,02-2647-9091,서울 강서구 등촌로 213 (등촌동),GS칼텍스,세차장,,강서구
70,오션네트웍스(주) 서울식물원지점,02-3661-8829,서울 강서구 양천로 300,SK에너지,,,강서구
71,대성석유(주)방화대성주유소,02-3663-7781,서울 강서구 양천로 176,GS칼텍스,"세차장, 편의점",,강서구
72,대성석유(주) 마곡대성주유소,02-3664-7781,서울 강서구 강서로 457,GS칼텍스,,,강서구
73,HD현대오일뱅크㈜직영 양화교셀프주유소,02-3665-2004,서울 강서구 공항대로 653,HD현대오일뱅크,세차장,,강서구
74,개화주유소,02-2661-5555,서울 강서구 양천로 57,SK에너지,세차장,,강서구
75,우장산주유소,02-3664-7163,서울 강서구 강서로 292,SK에너지,세차장,,강서구
76,대성주유소,02-3661-6102,서울 강서구 강서로 472,GS칼텍스,"세차장, 경정비",,강서구
77,대성석유(주) 관문주유소,02-3665-2051,서울 강서구 공항대로 314,GS칼텍스,"세차장, 경정비",,강서구
78,화곡현대주유소,02-2607-1942,서울 강서구 강서로 151 (화곡동),SK에너지,"세차장, 24시영업",,강서구
79,세원제1주유소,02-3663-5151,서울 강서구 양천로 311 (가양동),SK에너지,"세차장, 경정비",,강서구
80,HD현대오일뱅크㈜직영 가양주유소,02-3661-9470,서울 강서구 양천로 391 (가양동),HD현대오일뱅크,세차장,,강서구
81,(주)한진 김포공항제2주유소,02-2661-8892,서울 강서구 하늘길 112,S-OIL,,,강서구
82,박물관주유소,02-3665-5189,서울 강서구 양천로53길 97 (가양동),GS칼텍스,"세차장, 경정비, 편의점",,강서구
83,코리나(주)청룡주유소,02-3661-1575,서울 강서구 양천로 576,SK에너지,세차장,,강서구
84,참솔에너지,070-8844-8282,서울 강서구 벌말로 281 (오곡동),S-OIL,세차장,,강서구
85,염창동주유소,02-3664-4134,서울 강서구 양천로 720,SK에너지,세차장,,강서구
86,㈜CW창원,02-522-0609,서울 관악구 과천대로 921 (남현동),HD현대오일뱅크,"세차장, 경정비",,관악구
87,HD현대오일뱅크㈜직영 문성골주유소,02-839-0081,서울 관악구 문성로 97,HD현대오일뱅크,세차장,,관악구
88,(주)연우에너지 신관주유소,02-871-1356,서울 관악구 신림로 290 (신림동),알뜰주유소,세차장,,관악구
89,진우7주유소 ㈜준우에너지,02-889-8929,서울 관악구 보라매로 41,HD현대오일뱅크,,,관악구
90,(주)한유에너지 행운주유소,02-871-5189,서울 관악구 남부순환로 1883 (봉천동),SK에너지,세차장,,관악구
91,서일석유(주)락성주유소,02-877-0867,서울 관악구 남부순환로 1920 (봉천동),GS칼텍스,"세차장, 경정비, 24시영업",,관악구
92,대양석유(주)직영 보라매주유소,02-882-5189,서울 관악구 보라매로 26 (봉천동),SK에너지,세차장,,관악구
93,SK에너지(주)직영 신봉천주유소,02-885-5189,서울 관악구 남부순환로 1880 (봉천동),SK에너지,"세차장, 편의점",,관악구
94,유림주유소,02-887-5145,서울 관악구 신림로 176 (신림동),S-OIL,"세차장, 경정비, 24시영업",,관악구
95,현대주유소,02-851-9200,서울 관악구 난곡로 108 (신림동),HD현대오일뱅크,,,관악구
96,HD현대오일뱅크㈜직영 관악셀프주유소,02-867-1877,서울 관악구 남부순환로 1520 (신림동),HD현대오일뱅크,,,관악구
97,관악시몬주유소,02-874-5185,서울특별시 관악구 남부순환로 1753 (봉천동),S-OIL,세차장,,관악구
98,CJ대한통운㈜ 신림주유소,02-2632-8612,서울 관악구 남부순환로 1515 (신림동),GS칼텍스,세차장,,관악구
99,지에스칼텍스㈜ 난곡주유소,02-858-2003,서울 관악구 난곡로 206,GS칼텍스,,,관악구
100,(주)창원CW,02-3436-1112,서울 광진구 광나루로 460 (화양동),HD현대오일뱅크,세차장,,광진구
101,㈜동화오일 대원주유소,02-455-5185,서울 광진구 용마산로 122 (중곡동),GS칼텍스,세차장,,광진구
102,(주)자연에너지 중원주유소,02-498-8683,서울 광진구 동일로 398 (중곡동),HD현대오일뱅크,세차장,,광진구
103,HD현대오일뱅크㈜직영 능동주유소,02-452-7723,서울 광진구 천호대로 584 (능동),HD현대오일뱅크,"세차장, 경정비, 24시영업",,광진구
104,삼호주유소,02-455-7200,서울 광진구 천호대로 809 (광장동),S-OIL,"세차장, 24시영업",,광진구
105,HD현대오일뱅크㈜직영 장호셀프주유소,02-447-9796,서울 광진구 자양로 37,HD현대오일뱅크,"세차장, 경정비",,광진구
106,정해네트웍스(주)일진주유소,02-461-5152,서울 광진구 동일로 413 (중곡동),S-OIL,"세차장, 24시영업",,광진구
107,용마주유소,02-456-1884,서울 광진구 용마산로 68 (중곡동),GS칼텍스,,,광진구
108,(주)장수주유소,02-498-1981,서울 광진구 동일로 266 (군자동),SK에너지,"경정비, 24시영업",,광진구
109,서울중앙고속주유소,02-463-2231,서울 광진구 동일로 345 (중곡동),SK에너지,,,광진구
110,HD현대오일뱅크㈜직영 중곡현대주유소,02-497-5151,서울 광진구 동일로 435 (중곡동),HD현대오일뱅크,세차장,,광진구
111,유니스에너지 자양주유소,02-457-7600,서울 광진구 아차산로 298 (자양동),SK에너지,세차장,,광진구
112,강평주유소,02-2201-0736,서울 광진구 아차산로 616,SK에너지,세차장,,광진구
113,개봉주유소,02-2618-5145,서울 구로구 고척로 115 (개봉동),HD현대오일뱅크,세차장,,구로구
114,영진주유소,070-4647-1117,서울 구로구 구로동로 20 (가리봉동),HD현대오일뱅크,,,구로구
115,(주)서울에너지 궁동주유소,070-8671-2981,서울 구로구 오리로 1299 (궁동),HD현대오일뱅크,,,구로구
116,㈜자연에너지 고척주유소,070-8671-3106,서울 구로구 고척로 199 (고척동),HD현대오일뱅크,세차장,,구로구
117,지에스칼텍스㈜ 개봉동주유소,02-2685-5189,서울 구로구 경인로 290,GS칼텍스,"세차장, 24시영업",,구로구
118,씨앤에스유통(주) 구로드림주유소,02-2611-5180,서울 구로구 경인로 41 (온수동),S-OIL,세차장,,구로구
119,신성주유소,02-866-5189,서울 구로구 구로동로 187 (구로제2동),알뜰주유소,세차장,,구로구
120,(주)한미석유구로그린주유소,02-861-5189,서울 구로구 구로중앙로 76 (구로동),GS칼텍스,"세차장, 경정비",,구로구
121,극동유화(주) 항동주유소,02-2611-1113,서울 구로구 서해안로 2154 (항동),S-OIL,세차장,,구로구
122,대성산업(주)디큐브주유소,02-2633-7188,서울 구로구 경인로 650,GS칼텍스,24시영업,,구로구
123,서서울고속주유소,02-2683-1126,서울 구로구 경인로 150 (오류동),SK에너지,세차장,,구로구
124,구인주유소,02-2677-5010,서울 구로구 경인로 558 (구로동),SK에너지,"세차장, 경정비, 편의점",,구로구
125,SK구로주유소,02-868-5758,서울 구로구 구일로 94 (구로동),SK에너지,세차장,,구로구
126,HD현대오일뱅크㈜직영 구로셀프주유소,02-856-1135,서울 구로구 시흥대로 531,HD현대오일뱅크,"세차장, 경정비, 24시영업",,구로구
127,대원셀프주유소,02-2612-3880,서울 구로구 개봉로 7,HD현대오일뱅크,세차장,,구로구
128,(주)제이제이네트웍스 신구로주유소,02-859-0051,서울 구로구 가마산로 293 (구로동),HD현대오일뱅크,세차장,,구로구
129,동아주유소,02-855-1282,서울 구로구 도림로 91 (구로동),S-OIL,편의점,,구로구
130,구로주유소,02-857-1251,서울 구로구 구로동로 137 (구로동),GS칼텍스,,,구로구
131,(주)화동유업 화동주유소,02-856-0283,서울 금천구 시흥대로 484,SK에너지,세차장,,금천구
132,(주)백운주유소,02-894-8521,서울 금천구 시흥대로 282,알뜰주유소,,,금천구
133,구광주유소,02-868-6889,서울 금천구 서부샛길 674 (가산동),S-OIL,세차장,,금천구
134,대득에너지(금천셀프주유소),02-805-7888,서울 금천구 시흥대로 81 (시흥동),GS칼텍스,"세차장, 편의점, 24시영업",,금천구
135,HD현대오일뱅크㈜직영 금천현대셀프주유소,02-891-5189,서울 금천구 독산로 147 (시흥동),HD현대오일뱅크,세차장,,금천구
136,지에스칼텍스(주)일신주유소,02-896-5145,서울 금천구 시흥대로 118,GS칼텍스,세차장,,금천구
137,백산주유소,02-807-3161,서울특별시 금천구 시흥대로 174 (시흥동),S-OIL,"세차장, 경정비",,금천구
138,HD현대오일뱅크㈜직영 남서울셀프주유소,02-000-0000,서울 금천구 독산로 257 (독산동),HD현대오일뱅크,,,금천구
139,SK에너지(주) 이가주유소,02-861-2241,서울 금천구 시흥대로 441,SK에너지,"세차장, 경정비",,금천구
140,SK에너지(주) 박미주유소,02-802-6749,서울 금천구 시흥대로 39-7 (시흥동),SK에너지,세차장,,금천구
141,현대오일뱅크㈜직영 금천제일주유소,02-859-5426,서울 금천구 남부순환로 1410 (독산동),HD현대오일뱅크,세차장,,금천구
142,(주)정건에너지직영,02-975-1386,서울 노원구 노원로17길 29 (하계동),HD현대오일뱅크,세차장,,노원구
143,이엠석유(주)배꽃나라주유소,02-973-5172,서울 노원구 화랑로 466 (공릉1동),GS칼텍스,"세차장, 경정비",,노원구
144,화랑대주유소,02-977-9697,서울 노원구 화랑로 483,HD현대오일뱅크,"세차장, 24시영업",,노원구
145,태릉솔밭주유소,02-976-5189,서울 노원구 노원로 49 (공릉동),S-OIL,"세차장, 24시영업",,노원구
146,삼육주유소,02-949-3677,서울 노원구 화랑로 822 (공릉동),SK에너지,세차장,,노원구
147,구도일주유소 불암,02-932-6850,서울 노원구 한글비석로 268 (중계동),S-OIL,세차장,,노원구
148,한신주유소,02-974-5151,서울 노원구 동일로 1089 (공릉동),SK에너지,세차장,,노원구
149,SK에너지㈜직영 상계주유소,02-930-5151,서울 노원구 노해로 527 (상계동),SK에너지,세차장,,노원구
150,상계동주유소,02-936-5035,서울 노원구 노원로26길 191 (상계동),HD현대오일뱅크,경정비,,노원구
151,(주)소모 수락산셀프주유소,02-3392-5656,서울 노원구 동일로 1772,GS칼텍스,,,노원구
152,신성주유소,02-916-4334,서울 노원구 월계로 328 (월계동),S-OIL,"세차장, 24시영업",,노원구
153,월계주유소,02-917-7650,서울 노원구 월계로 252,GS칼텍스,세차장,,노원구
154,성북역주유소,02-919-8141,서울특별시 노원구 광운로 95 (월계1동),GS칼텍스,세차장,,노원구
155,하계삼호주유소,02-974-8818,서울 노원구 공릉로 294 (하계동),GS칼텍스,,,노원구
156,요한주유소,02-955-8669,서울 도봉구 마들로 776,HD현대오일뱅크,세차장,,도봉구
157,이케이에너지 주식회사,02-3494-3641,서울 도봉구 도봉로 941 (도봉동),HD현대오일뱅크,세차장,,도봉구
158,한이에너지(주) 쌍문주유소,02-992-0220,서울 도봉구 도봉로 547 (쌍문동),S-OIL,"세차장, 경정비, 24시영업",,도봉구
159,도봉제일주유소(주)송만에너지,02-955-5185,서울 도봉구 도봉로 783 (도봉동),HD현대오일뱅크,,,도봉구
160,(주)자연에너지 햇살주유소,02-954-4555,서울 도봉구 방학로 142 (방학동),HD현대오일뱅크,세차장,,도봉구
161,지에스칼텍스㈜ 방학동주유소,02-3493-5189,서울 도봉구 방학로 186,GS칼텍스,세차장,,도봉구
162,(주)헨지스에너지 구도일주유소 도봉,02-3491-3454,서울 도봉구 도봉로 706 (방학동),S-OIL,"세차장, 경정비",,도봉구
163,삼미북부셀프주유소,02-992-5561,서울 도봉구 도봉로 437 (쌍문동),SK에너지,"세차장, 24시영업",,도봉구
164,극동유화(주) 대안주유소,02-996-6640,서울 도봉구 마들로 574 (창동),S-OIL,"세차장, 경정비",,도봉구
165,구도일주유소 파크빌,02-906-5104,서울 도봉구 해등로3길 86 (창동),S-OIL,,,도봉구
166,대성산업(주)신창주유소,02-905-4441,서울 도봉구 덕릉로 267 (창동),GS칼텍스,"세차장, 24시영업",,도봉구
167,오복주유소,02-3494-1500,서울 도봉구 방학로 43,S-OIL,세차장,,도봉구
168,HD현대오일뱅크㈜직영 영신주유소,02-956-5152,서울 도봉구 방학로 151,HD현대오일뱅크,세차장,,도봉구
169,(주)자연에너지 국민주유소,02-2216-7155,서울 동대문구 답십리로 223 (답십리동),HD현대오일뱅크,,,동대문구
170,(주)정건에너지 배봉로지점,02-2242-0556,서울 동대문구 서울시립대로 108,HD현대오일뱅크,세차장,,동대문구
171,재정제2주유소,02-2249-6682,서울 동대문구 사가정로 90 (전농동),HD현대오일뱅크,세차장,,동대문구
172,재정주유소,070-8256-4617,서울 동대문구 전농로 121,HD현대오일뱅크,세차장,,동대문구
173,풍한주유소,02-924-5189,서울 동대문구 안암로 168,SK에너지,"세차장, 24시영업",,동대문구
174,대성산업(주)동마장주유소,02-966-5451,서울 동대문구 고산자로 405 (용두동),GS칼텍스,"세차장, 경정비, 24시영업",,동대문구
175,(주)안국에너지 삼원셀프주유소,02-2244-1972,서울 동대문구 망우로 90 (휘경동),SK에너지,세차장,,동대문구
176,동서울고속주유소,02-969-1144,서울 동대문구 한천로 414,SK에너지,,,동대문구
177,삼미상사(주)장안킹셀프주유소,02-2242-7115,서울 동대문구 한천로 100 (장안동),SK에너지,세차장,,동대문구
178,홍능주유소,02-966-9190,서울 동대문구 홍릉로 87,S-OIL,세차장,,동대문구
179,삼영주유소,02-2217-2018,서울 동대문구 답십리로 258 (장안동),SK에너지,세차장,,동대문구
180,HD현대오일뱅크㈜직영 스피드주유소,02-2216-5151,서울 동대문구 천호대로 453 (장안동),HD현대오일뱅크,"세차장, 24시영업",,동대문구
181,열린주유소,02-2215-6543,서울 동대문구 한천로 263 (휘경동),S-OIL,,,동대문구
182,한영주유소 (한화),02-2214-9890,서울 동대문구 망우로 38 (휘경동),HD현대오일뱅크,,,동대문구
183,오동나무주유소,02-2247-5132,서울 동대문구 한천로 81,S-OIL,,,동대문구
184,주식회사 새서울글로벌,02-832-7926,서울 동작구 시흥대로 616 (신대방동),HD현대오일뱅크,"세차장, 24시영업",,동작구
185,지에스칼텍스(주) 대방주유소,02-826-5145,서울 동작구 여의대방로 214,GS칼텍스,,,동작구
186,창원이엔지주유소,02-825-5151,서울 동작구 사당로 59 (상도동),HD현대오일뱅크,세차장,,동작구
187,HD현대오일뱅크㈜직영 사당셀프주유소,02-521-3618,서울 동작구 동작대로 73 (사당동),HD현대오일뱅크,"세차장, 24시영업",,동작구
188,지에스칼텍스㈜직영 남성주유소,02-532-0606,서울 동작구 동작대로 135,GS칼텍스,24시영업,,동작구
189,HD현대오일뱅크㈜직영 동작주유소,02-817-9179,서울 동작구 상도로 403 (상도동),HD현대오일뱅크,세차장,,동작구
190,HD현대오일뱅크㈜직영 흑석동셀프주유소,02-815-0724,서울 동작구 현충로 101 (흑석동),HD현대오일뱅크,"세차장, 24시영업",,동작구
191,매일주유소,02-817-4085,서울 동작구 상도로 139 (상도동),S-OIL,세차장,,동작구
192,살피재주유소,02-817-2559,서울 동작구 상도로 334,SK에너지,,,동작구
193,성산대교셀프주유소,02-323-0078,서울 마포구 성산로 144,HD현대오일뱅크,"세차장, 경정비",,마포구
194,(주)타이거통상 월드컵주유소,070-4121-0021,서울 마포구 월드컵북로 170 (성산제2동),S-OIL,,,마포구
195,청원주유소,02-325-5533,서울 마포구 월드컵북로 113 (성산동),HD현대오일뱅크,세차장,,마포구
196,마포시엠주유소,02-338-9447,서울 마포구 월드컵북로 62,SK에너지,,,마포구
197,(주)안국에너지 망원동주유소,02-334-0917,서울 마포구 월드컵로 119 (망원동),SK에너지,세차장,,마포구
198,용강주유소,070-7795-4800,서울 마포구 토정로 258,S-OIL,,,마포구
199,에쓰오일(주) 염리동주유소,02-3272-5155,서울 마포구 백범로 126 (염리동),S-OIL,세차장,,마포구
200,마포주유소,02-711-5189,서울 마포구 마포대로 186,S-OIL,세차장,,마포구
201,(주)만성상사 대흥주유소,02-3273-5151,서울 마포구 대흥로 61 (대흥동),SK에너지,"세차장, 24시영업",,마포구
202,에스에스오토셀프,02-336-5185,서울 마포구 서강로 76 (창전동),HD현대오일뱅크,"세차장, 24시영업",,마포구
203,SK에너지 양지주유소,02-706-8955,서울 마포구 마포대로 69 (도화동),SK에너지,"편의점, 24시영업",,마포구
204,SK에너지(주) 안국주유소,02-3144-1197,서울 마포구 양화로 33,SK에너지,24시영업,,마포구
205,지에스칼텍스(주)홍제동주유소,02-736-3708,서울 서대문구 통일로 372,GS칼텍스,세차장,,서대문구
206,(주)창원이엔지 홍제지점,02-379-0753,서울 서대문구 통일로 455 (홍제동),HD현대오일뱅크,,,서대문구
207,(주)미래아스팔트 신우주유소,02-304-5522,서울 서대문구 가좌로 106(홍은동),S-OIL,"세차장, 경정비",,서대문구
208,(주)가재울뉴타운주유소,070-8879-7864,서울 서대문구 모래내로 205,HD현대오일뱅크,편의점,,서대문구
209,HD현대오일뱅크㈜직영 연세주유소,02-337-8220,서울 서대문구 연희로 184,HD현대오일뱅크,세차장,,서대문구
210,㈜한화미 구도일주유소 두꺼비,02-336-0611,서울 서대문구 성산로 312,S-OIL,"세차장, 경정비",,서대문구
211,남정주유소,02-305-9828,서울 서대문구 모래내로 243 (남가좌동),GS칼텍스,,,서대문구
212,(주)안국에너지 삼보셀프주유소,02-336-6151,서울 서대문구 연희로 78 (연희동),SK에너지,"세차장, 경정비",,서대문구
213,중앙에너비스 동교지점,070-8707-4568,서울 서대문구 연희로 12 (창천동),SK에너지,편의점,,서대문구
214,행촌제2주유소,02-365-5189,서울 서대문구 성산로 490 (대신동),SK에너지,"세차장, 편의점, 24시영업",,서대문구
215,㈜우남에너지 문화사랑주유소,02-395-4300,서울 서대문구 세검정로 87,S-OIL,세차장,,서대문구
216,광호주유소,02-395-7236,서울 서대문구 연희로 266 (홍은동),SK에너지,세차장,,서대문구
217,연희주유소,02-338-8045,서울 서대문구 연희로 129 (연희동 89-7번지),SK에너지,"세차장, 편의점",,서대문구
218,만남의광장주유소,02-573-7430,서울 서초구 양재대로12길 73-71,알뜰(ex),"충전소, 편의점, 24시영업",,서초구
219,(주)대농석유 남태령주유소,02-587-0895,서울 서초구 과천대로 838 (방배동),SK에너지,세차장,,서초구
220,씨앤에스유통㈜ 내곡드림주유소,02-2058-3224,서울 서초구 헌릉로 177 (내곡동),S-OIL,세차장,,서초구
221,에너지 플러스 허브 내곡,02-3461-5145,서울 서초구 헌릉로 210,GS칼텍스,"세차장, 충전소, 24시영업",,서초구
222,양재최고주유소,02-2057-5189,서울 서초구 매헌로 72 (양재동),S-OIL,세차장,,서초구
223,(주)한미석유 서초주유소,02-582-5198,서울 서초구 반포대로 64 (서초동),GS칼텍스,,,서초구
224,지에스칼텍스(주)선천주유소,02-592-4915,서울 서초구 동작대로 206 (방배동),GS칼텍스,세차장,,서초구
225,극동유화(주) 전당앞주유소,02-6080-0516,서울 서초구 남부순환로 2391 (서초동),S-OIL,"세차장, 충전소, 경정비",,서초구
226,신반포주유소,02-533-5151,서울 서초구 사평대로 94 (반포동),SK에너지,"세차장, 24시영업",,서초구
227,대성산업(주)직영 강남주유소,02-594-5987,서울 서초구 반포대로 284 (반포동),GS칼텍스,,,서초구
228,한독주유소,02-3477-6127,서울 서초구 방배로 218 (방배동),GS칼텍스,,,서초구
229,서초꽃마을주유소,02-523-5551,서울 서초구 반포대로 69 (서초동),GS칼텍스,,,서초구
230,말죽거리주유소,02-579-9933,서울 서초구 남부순환로 2650,GS칼텍스,,,서초구
231,HD현대오일뱅크㈜직영 사평로주유소,02-3481-2513,서울 서초구 사평대로 350 (서초동),HD현대오일뱅크,세차장,,서초구
232,에너지플러스허브 삼방주유소,02-536-5145,서울 서초구 사평대로 364 (서초동),GS칼텍스,"세차장, 24시영업",,서초구
233,반포그린주유소,02-532-5147,서울 서초구 서초중앙로 239,GS칼텍스,세차장,,서초구
234,대성석유(주)연일주유소,02-3471-5151,서울 서초구 남부순환로 2451,GS칼텍스,"세차장, 편의점",,서초구
235,태봉셀프주유소,02-571-8000,서울 서초구 태봉로 117 (우면동),SK에너지,"세차장, 경정비",,서초구
236,에쓰오일(주)직영 오토테크주유소,02-585-5189,서울특별시 서초구 효령로 356 (서초동),S-OIL,"세차장, 경정비",,서초구
237,HD현대오일뱅크㈜직영 팔레스주유소,02-720-0020,서울 서초구 사평대로 136 (반포동),HD현대오일뱅크,24시영업,,서초구
238,양재주유소,02-577-1621,서울 서초구 바우뫼로 178,SK에너지,"세차장, 24시영업",,서초구
239,대성산업(주)직영 터미널(고속)주유소,02-535-3001,서울 서초구 신반포로 222 (반포동),GS칼텍스,"세차장, 24시영업",,서초구
240,HD현대오일뱅크㈜직영 방배현대주유소,02-534-0051,서울 서초구 동작대로 182 (방배동),HD현대오일뱅크,"세차장, 경정비",,서초구
241,HD현대오일뱅크㈜직영 양재현대주유소,02-579-8429,서울 서초구 마방로 6,HD현대오일뱅크,세차장,,서초구
242,대신석유(주)대우주유소,02-572-0567,서울 서초구 양재대로 173 (양재동),SK에너지,"세차장, 편의점, 24시영업",,서초구
243,서초우면산주유소,02-577-5151,서울 서초구 양재대로2길 100-30,S-OIL,세차장,,서초구
244,HD현대오일뱅크㈜직영 서초제일주유소,02-587-6080,서울 서초구 사임당로 116,HD현대오일뱅크,세차장,,서초구
245,지에스칼텍스(주)남서울주유소,02-542-1517,서울 서초구 나루터로 83 (잠원동),GS칼텍스,"세차장, 편의점, 24시영업",,서초구
246,방배동주유소,02-584-2086,서울 서초구 효령로 29,SK에너지,세차장,,서초구
247,대신석유㈜서원주유소,02-599-3657,서울 서초구 반포대로 142 (서초동),SK에너지,세차장,,서초구
248,(주)선문에너지 중앙주유소,02-575-5110,서울특별시 서초구 바우뫼로 219 (양재1동),HD현대오일뱅크,세차장,,서초구
249,㈜성동에너지,02-3394-7003,서울 성동구 천호대로 392,HD현대오일뱅크,세차장,,성동구
250,(주)서울에너지 직영,02-3390-4338,서울 성동구 천호대로 324 (용답동),S-OIL,"세차장, 24시영업",,성동구
251,정호주유소,02-2297-9442,서울 성동구 고산자로 307 (마장동),자가상표,,,성동구
252,SK에너지(주) 군자동주유소,02-2244-4945,서울특별시 성동구 천호대로 446 (용답동),SK에너지,"세차장, 24시영업",,성동구
253,KLP제2주유소,02-465-5182,서울 성동구 동일로 249 (송정동),HD현대오일뱅크,,,성동구
254,KH에너지㈜직영 성수만세주유소,02-499-8223,서울 성동구 왕십리로 109,SK에너지,세차장,,성동구
255,지에스칼텍스㈜ 도루코주유소,02-463-6919,서울 성동구 아차산로 180,GS칼텍스,"세차장, 경정비, 24시영업",,성동구
256,HD현대오일뱅크㈜직영 효진주유소,02-464-7252,서울 성동구 동일로 129,HD현대오일뱅크,"세차장, 24시영업",,성동구
257,동일주유소,02-461-7100,서울 성동구 광나루로 254 (성수동2가),GS칼텍스,"세차장, 경정비",,성동구
258,아이콘주유소,02-2291-5189,서울 성동구 고산자로 273 (도선동),S-OIL,"세차장, 24시영업",,성동구
259,HD현대오일뱅크㈜직영 성동셀프주유소,02-2299-7333,서울 성동구 마장로 311 (마장동),HD현대오일뱅크,세차장,,성동구
260,SK에너지(주) 성수주유소,02-467-7240,서울 성동구 뚝섬로 352,SK에너지,세차장,,성동구
261,SK세원2주유소,02-462-5665,서울 성동구 광나루로 184,SK에너지,"세차장, 경정비",,성동구
262,금호주유소,02-2297-0066,서울 성동구 금호로 39 (금호동4가),GS칼텍스,세차장,,성동구
263,청계로주유소,02-2294-4225,서울 성동구 청계천로 454 (하왕십리동),SK에너지,세차장,,성동구
264,(주)옥수하이웨이스테이션,02-2282-5151,서울 성동구 독서당로 168 (옥수동),GS칼텍스,,,성동구
265,㈜원천주유소,070-4063-1057,서울 성북구 돌곶이로 142,GS칼텍스,,,성북구
266,이케이에너지(주) 강산제2주유소,02-942-1448,서울 성북구 보국문로 52,HD현대오일뱅크,세차장,,성북구
267,(주)성북주유소,02-928-4900,서울 성북구 보문로 142,HD현대오일뱅크,세차장,,성북구
268,신방주유소,02-922-5151,서울 성북구 안암로 111 (안암동5가),S-OIL,,,성북구
269,(주)삼표에너지 정릉주유소,02-914-6556,서울 성북구 보국문로 35 (정릉동),GS칼텍스,"세차장, 경정비",,성북구
270,㈜스마일에너지 신동방주유소,02-918-5151,서울 성북구 월계로 84 (장위동),S-OIL,,,성북구
271,이케이에너지㈜ 강산주유소,02-953-1448,서울 성북구 보문로 27 (보문동7가),GS칼텍스,"세차장, 24시영업",,성북구
272,지에스칼텍스(주) 종암주유소,02-921-7785,서울 성북구 종암로 145 (종암동),GS칼텍스,"세차장, 24시영업",,성북구
273,중앙에너비스 종암지점,070-8707-4565,서울 성북구 종암로 58,SK에너지,"세차장, 24시영업",,성북구
274,HD현대오일뱅크㈜직영 북악셀프주유소,02-911-5189,서울 성북구 정릉로 218 (정릉동),HD현대오일뱅크,세차장,,성북구
275,HD현대오일뱅크㈜직영 고대셀프주유소,02-912-5151,서울 성북구 종암로 12 (종암동),HD현대오일뱅크,세차장,,성북구
276,장위주유소,02-6498-5189,서울 성북구 화랑로 110 (하월곡동),S-OIL,"세차장, 24시영업",,성북구
277,SK에너지(주) 드림랜드주유소,02-916-9906,서울 성북구 월계로 128 (장위동),SK에너지,,,성북구
278,장삼 쌍둥이 주유소,02-909-0314,서울 성북구 한천로 612 (장위동),HD현대오일뱅크,세차장,,성북구
279,우리주유소,02-969-5185,서울 성북구 화랑로 292,SK에너지,"세차장, 경정비, 24시영업",,성북구
280,동일주유소,02-923-8484,서울특별시 성북구 보문로 85 (보문동5가),S-OIL,세차장,,성북구
281,㈜명연에너지 효성주유소,02-942-5150,서울 성북구 화랑로 27,GS칼텍스,"세차장, 24시영업",,성북구
282,(주)신용 구도일주유소화랑로,02-963-0051,서울 성북구 화랑로 174,S-OIL,"세차장, 경정비",,성북구
283,지에스칼텍스㈜ 화랑주유소,02-942-5152,서울 성북구 화랑로 185,GS칼텍스,,,성북구
284,HD현대오일뱅크㈜직영 아리랑주유소,02-941-5189,서울 성북구 아리랑로 96,HD현대오일뱅크,세차장,,성북구
285,삼선주유소,02-766-5105,서울 성북구 창경궁로 324,S-OIL,세차장,,성북구
286,아이에스피시그넷㈜ 서울북부고속주유소,02-980-1311,서울 성북구 삼양로 78,HD현대오일뱅크,,,성북구
287,지에스칼텍스㈜ 세창주유소,02-988-2491,서울 성북구 동소문로 323,GS칼텍스,,,성북구
288,송파스마일주유소,02-2203-3737,서울 송파구 송이로 28,GS칼텍스,경정비,,송파구
289,㈜지에스이앤알 송파제일주유소,02-424-2900,서울 송파구 삼학사로 50 (석촌동),HD현대오일뱅크,"세차장, 경정비, 24시영업",,송파구
290,한강에너지(주)퍼스트주유소,02-422-2834,서울 송파구 삼학사로 22 (석촌동),SK에너지,"세차장, 경정비, 24시영업",,송파구
291,삼화주유소,02-2203-2280,서울 송파구 백제고분로 125,GS칼텍스,24시영업,,송파구
292,(주)삼표에너지 아시아주유소,02-416-1911,서울 송파구 도곡로 438 (잠실동),GS칼텍스,세차장,,송파구
293,(주)신화에너지 서울지점,02-2202-8484,서울 송파구 가락로 47 (석촌동),SK에너지,"세차장, 경정비, 24시영업",,송파구
294,HD현대오일뱅크㈜직영 잠실셀프주유소,02-417-7111,서울 송파구 송파대로 397,HD현대오일뱅크,24시영업,,송파구
295,상아주유소,02-409-8251,서울 송파구 거마로 82,S-OIL,세차장,,송파구
296,(주)삼표에너지 훼미리주유소,02-448-9252,서울 송파구 중대로 58,GS칼텍스,세차장,,송파구
297,지에스칼텍스(주)가든파이브주유소,02-409-5145,서울 송파구 탄천동로 740,GS칼텍스,"세차장, 24시영업",,송파구
298,(주)잠실에너지,02-414-5010,서울 송파구 송파대로 442 (송파동),S-OIL,"세차장, 경정비, 24시영업",,송파구
299,남성대주유소,02-409-2211,서울 송파구 송파대로 52 (장지동),SK에너지,"세차장, 경정비, 24시영업",,송파구
300,지에스칼텍스(주)스마트위례주유소,02-409-5185,서울 송파구 위례중앙로 43 (장지동),GS칼텍스,세차장,,송파구
301,위례제일주유소 (주)버드에너지,02-408-9951,서울 송파구 위례서로 260,S-OIL,세차장,,송파구
302,위례드림주유소,02-404-5189,서울시 송파구 위례중앙로 10,S-OIL,"세차장, 24시영업",,송파구
303,(주)정직한주유소,02-406-4634,서울 송파구 오금로 455 (거여동),HD현대오일뱅크,세차장,,송파구
304,(주)퍼스트오일서울주유소,02-407-0708,서울 송파구 문정로 153,S-OIL,,,송파구
305,제트라인DM주유소,02-430-5151,서울 송파구 중대로 183 (가락동),HD현대오일뱅크,경정비,,송파구
306,대성주유소,02-431-1991,서울 송파구 마천로 230,SK에너지,세차장,,송파구
307,완불주유소,02-3402-2900,서울 송파구 송파대로 3,SK에너지,"세차장, 24시영업",,송파구
308,(주)삼표에너지 우리주유소,02-3401-1588,서울 송파구 동남로 153,GS칼텍스,세차장,,송파구
309,(주)유진주유소,02-406-3956,서울 송파구 동남로 325 (오금동),SK에너지,세차장,,송파구
310,대성석유(주)석촌주유소,02-421-0051,서울 송파구 백제고분로 289,GS칼텍스,경정비,,송파구
311,백제고분로주유소,02-2202-4050,서울 송파구 오금로 143 (방이동),SK에너지,"세차장, 경정비, 편의점, 24시영업",,송파구
312,방이주유소,02-424-3051,서울 송파구 위례성대로12길 38 (방이동),SK에너지,"세차장, 경정비",,송파구
313,HD현대오일뱅크㈜직영 올림픽셀프주유소,02-448-9804,서울 송파구 위례성대로 188 (오금동),HD현대오일뱅크,"세차장, 경정비, 24시영업",,송파구
314,(유)호림플러스홀딩스 남성주유소,02-423-5128,서울 송파구 백제고분로 474,HD현대오일뱅크,세차장,,송파구
315,대신석유(주)진양주유소,02-477-1906,서울 송파구 올림픽로 499 (풍납동),SK에너지,세차장,,송파구
316,플라트(주)서호주유소,02-2602-5172,서울 양천구 남부순환로 317,GS칼텍스,"세차장, 경정비",,양천구
317,현대주유소,02-2608-9231,서울 양천구 남부순환로 372 (신월동),S-OIL,세차장,,양천구
318,신월주유소,02-2603-5182,서울 양천구 신월로 193 (신월동),GS칼텍스,,,양천구
319,개나리Self주유소,02-2606-5189,서울 양천구 남부순환로 442 (신월동),SK에너지,"세차장, 경정비",,양천구
320,㈜지에스이앤알 서울주유소,02-2607-9478,서울 양천구 신정로 236 (신정동),GS칼텍스,세차장,,양천구
321,HD현대오일뱅크㈜직영 남부순환셀프주유소,02-2690-5001,서울 양천구 남부순환로 553 (신월동),HD현대오일뱅크,"세차장, 편의점, 24시영업",,양천구
322,(주)타이거오일 신정주유소,02-2646-6212,서울 양천구 중앙로 226 (신정동),SK에너지,,,양천구
323,양천구주유소,02-2644-5105,서울 양천구 국회대로 275,HD현대오일뱅크,"세차장, 경정비, 24시영업",,양천구
324,가로공원주유소,02-2695-3423,서울 양천구 가로공원로 165 (신월동),SK에너지,"세차장, 24시영업",,양천구
325,삼미상사(주)신월IC셀프주유소,02-2694-4966,서울 양천구 중앙로 331 (신월동),SK에너지,경정비,,양천구
326,형산석유(주)원주유소,02-2690-5837,서울 양천구 남부순환로 408,HD현대오일뱅크,"세차장, 경정비",,양천구
327,SK에너지(주) 경인주유소,02-2693-4994,서울 양천구 국회대로 170 (신정동),SK에너지,세차장,,양천구
328,신정동주유소,02-2651-5189,서울 양천구 안양천로 663 (신정동),HD현대오일뱅크,"세차장, 편의점",,양천구
329,(주)삼표에너지 목동주유소,02-2654-5153,서울 양천구 목동서로 129 (목동),GS칼텍스,세차장,,양천구
330,지에스칼텍스㈜ 건지주유소,02-2061-5108,서울 양천구 안양천로 1171 (목동),GS칼텍스,"세차장, 충전소",,양천구
331,SK에너지㈜ 신평,02-2654-5145,서울 양천구 목동남로 62,SK에너지,"세차장, 경정비",,양천구
332,현대오일뱅크㈜직영 목동셀프주유소,02-2648-4204,서울 양천구 공항대로 648 (목동),HD현대오일뱅크,,,양천구
333,목동주유소,02-2645-5104,서울 양천구 목동중앙로 125 (목동),SK에너지,세차장,,양천구
334,현대오일뱅크(주)직영 양천현대셀프주유소,02-2653-5189,서울 양천구 안양천로 1179 (목동),HD현대오일뱅크,"세차장, 충전소, 경정비, 24시영업",,양천구
335,현대오일뱅크(주)직영 양천셀프주유소,02-2644-5185,서울 양천구 목동로 17,HD현대오일뱅크,세차장,,양천구
336,현대오일뱅크(주)직영 양정주유소,02-2691-5185,서울 양천구 국회대로 158 (신정동),HD현대오일뱅크,,,양천구
337,(주)서부트럭터미날,02-2614-0047,서울 양천구 신정로 167 (신정동),HD현대오일뱅크,세차장,,양천구
338,신양주유소,02-2608-3312,서울 양천구 지양로 67,SK에너지,세차장,,양천구
339,현대오일뱅크(주)직영 신목동셀프주유소,02-2642-5188,서울 양천구 목동동로10길 13,HD현대오일뱅크,"세차장, 경정비",,양천구
340,영등포제일셀프주유소,02-847-5151,서울 영등포구 가마산로 379,HD현대오일뱅크,"세차장, 경정비",,영등포구
341,성락주유소,02-842-6148,서울 영등포구 가마산로 414 (신길동),S-OIL,세차장,,영등포구
342,남서울고속주유소,02-843-5151,서울 영등포구 가마산로 367 (대림동),SK에너지,세차장,,영등포구
343,행촌주유소,070-7758-5189,서울 영등포구 도신로 130 (신길동),SK에너지,"세차장, 편의점, 24시영업",,영등포구
344,도림주유소,02-835-8881,서울 영등포구 도림로 343 (도림동),알뜰주유소,경정비,,영등포구
345,(주)강서오일,02-832-1700,서울 영등포구 도신로 151,HD현대오일뱅크,24시영업,,영등포구
346,(주)MS오일,02-844-5151,서울 영등포구 대림로 230,HD현대오일뱅크,세차장,,영등포구
347,(주)대청에너지 대청주유소,02-841-8780,서울 영등포구 가마산로 328 (대림동),GS칼텍스,"세차장, 경정비, 24시영업",,영등포구
348,한경석유(주)경덕주유소,02-843-3900,서울 영등포구 여의대방로23길 2 (신길동),SK에너지,세차장,,영등포구
349,지에스칼텍스㈜ 신길주유소,02-833-1113,서울 영등포구 신길로 74 (신길동),GS칼텍스,"세차장, 24시영업",,영등포구
350,㈜지에스이앤알 모드니주유소,02-2637-7788,서울 영등포구 경인로 789,GS칼텍스,세차장,,영등포구
351,㈜지에스이앤알 보라주유소,02-842-1155,서울 영등포구 영등포로 399 (신길동),GS칼텍스,세차장,,영등포구
352,씨앤에스유통(주) 한일주유소,02-3667-5101,서울 영등포구 도림로 486 (문래동3가),S-OIL,세차장,,영등포구
353,지에스칼텍스㈜ 화일주유소,02-2633-5546,서울 영등포구 도림로 415,GS칼텍스,,,영등포구
354,씨앤에스유통 한성주유소,02-849-5180,서울 영등포구 여의대방로 227,S-OIL,,,영등포구
355,HD현대오일뱅크㈜직영 대일셀프주유소,02-2068-8700,서울 영등포구 영등포로 168,HD현대오일뱅크,,,영등포구
356,SK에너지(주) 신길동주유소,02-843-0481,서울 영등포구 영등포로 348 (신길동),SK에너지,세차장,,영등포구
357,(주)한미석유 제2한강주유소,02-2633-2716,서울 영등포구 선유로 260 (양평동4가),GS칼텍스,세차장,,영등포구
358,SK에너지(주) 양평주유소,02-2633-1013,서울 영등포구 선유로 195 (양평동3가),SK에너지,"세차장, 24시영업",,영등포구
359,SK에너지(주) 기린주유소,02-2671-5182,서울 영등포구 선유로 270,SK에너지,"세차장, 편의점, 24시영업",,영등포구
360,선유도주유소,02-2671-5223,서울 영등포구 양평로 141 (양평동5가),S-OIL,세차장,,영등포구
361,국회대로주유소,02-761-5122,서울 영등포구 국회대로 746 (여의도동),HD현대오일뱅크,세차장,,영등포구
362,성원이앤에스(주)영등포지점,02-2635-7781,서울 영등포구 국회대로52길 9-13 (영등포동7가),GS칼텍스,,,영등포구
363,버드나룻길주유소,02-2634-5104,서울 영등포구 버드나루로 111 (당산동),SK에너지,세차장,,영등포구
364,KH에너지㈜직영 KH여의도주유소,02-761-5101,서울 영등포구 국회대로 794 (여의도동),SK에너지,세차장,,영등포구
365,SJ오일(주) 여의도주유소,02-785-8201,서울 영등포구 은행로 64,GS칼텍스,"세차장, 충전소, 편의점, 24시영업",,영등포구
366,HD현대오일뱅크㈜직영 한남동주유소,02-795-0802,서울 용산구 한남대로 204 (한남동),HD현대오일뱅크,"세차장, 경정비",,용산구
367,(주)영원 풍기주유소,02-719-2202,서울 용산구 원효로 178 (원효로2가),GS칼텍스,편의점,,용산구
368,HD현대오일뱅크㈜직영 강변현대주유소,02-712-7124,서울 용산구 원효로 9 (청암동),HD현대오일뱅크,"세차장, 경정비",,용산구
369,(주)남경주유소,02-793-2954,서울 용산구 녹사평대로11길 24,SK에너지,"세차장, 경정비, 24시영업",,용산구
370,(주)신태성주유소,02-701-9447,서울 용산구 원효로 147 (원효로3가),SK에너지,세차장,,용산구
371,HD현대오일뱅크㈜직영 갈월동주유소,02-754-5217,서울특별시 용산구 한강대로 322 (남영동),HD현대오일뱅크,"세차장, 경정비",,용산구
372,동자동주유소,02-754-6667,서울 용산구 한강대로104길 6 (동자동),SK에너지,세차장,,용산구
373,HD현대오일뱅크(주)직영 소월길주유소,02-318-3314,서울 용산구 소월로 66 (후암동),HD현대오일뱅크,세차장,,용산구
374,한남지점,070-8707-4586,서울 용산구 한남대로21길 4 (한남동),SK에너지,,,용산구
375,에너비스,070-8707-4572,서울 용산구 한남대로 82 (한남동),SK에너지,세차장,,용산구
376,한석주유소,02-790-1020,서울 용산구 이촌로 164,SK에너지,"세차장, 24시영업",,용산구
377,서계주유소,02-706-6485,서울 용산구 청파로 367 (청파동),GS칼텍스,세차장,,용산구
378,(주)디오티디 은평유니콘주유소,02-356-9051,서울 은평구 통일로 1151 (진관동),HD현대오일뱅크,세차장,,은평구
379,㈜한화미 구파발주유소,02-355-3055,서울 은평구 통일로 1031,S-OIL,,,은평구
380,박석고개주유소,02-388-0477,서울 은평구 통일로 945 (갈현동),SK에너지,"세차장, 24시영업",,은평구
381,타이거주유소,02-309-9145,서울 은평구 수색로 188 (증산동),SK에너지,세차장,,은평구
382,불광주유소,02-382-5149,서울 은평구 연서로 314,HD현대오일뱅크,세차장,,은평구
383,지에스칼텍스(주)수색뉴타운주유소,02-309-5051,서울 은평구 수색로 350 (수색동),GS칼텍스,세차장,,은평구
384,㈜오일닷컴 다회주유소,02-375-5156,서울 은평구 증산로 441,S-OIL,,,은평구
385,지에스칼텍스㈜ 서부주유소,02-302-6041,서울 은평구 응암로 210 (응암동),GS칼텍스,"세차장, 경정비",,은평구
386,지에스칼텍스㈜ 신사제일주유소,02-308-4333,서울 은평구 증산로 423 (신사동),GS칼텍스,"세차장, 24시영업",,은평구
387,(주)아이에스피에너지(서울서부고속주유소),02-303-1448,서울 은평구 응암로 163,HD현대오일뱅크,,,은평구
388,대성산업㈜ 대성주유소,02-355-3434,서울 은평구 통일로 642,GS칼텍스,"세차장, 24시영업",,은평구
389,(주)명연에너지 수색훼미리주유소,02-374-8770,서울 은평구 수색로 236 (수색동),HD현대오일뱅크,세차장,,은평구
390,성원이앤에스(주)은평지점,02-352-4451,서울 은평구 통일로 968 (진관동),GS칼텍스,세차장,,은평구
391,㈜삼호에너지 은평뉴타운셀프주유소,02-355-0349,서울 은평구 통일로 924 (불광동),SK에너지,"세차장, 경정비",,은평구
392,코끼리주유소,02-384-4000,서울 은평구 서오릉로 41 (녹번동),자가상표,세차장,,은평구
393,HD현대오일뱅크㈜직영 재동주유소,02-732-3968,서울 종로구 율곡로 58 (경운동),HD현대오일뱅크,,,종로구
394,(주)중앙에너비스 혜화주유소,070-8707-4564,서울 종로구 창경궁로35길 1,SK에너지,,,종로구
395,㈜지에스이앤알 평창주유소,02-391-5185,서울 종로구 평창문화로 135 (평창동),HD현대오일뱅크,세차장,,종로구
396,안풍주유소,02-396-5151,서울 종로구 자하문로 303,S-OIL,세차장,,종로구
397,자하문주유소,02-396-5252,서울 종로구 자하문로 248 (부암동),SK에너지,세차장,,종로구
398,구도일주유소특종,02-379-6524,서울 종로구 평창문화로 90 (평창동),S-OIL,세차장,,종로구
399,㈜북악주유소,02-395-6500,서울 종로구 평창문화로 137,GS칼텍스,세차장,,종로구
400,(주)대양씨앤씨 사직주유소,02-735-4858,서울 종로구 사직로 65,GS칼텍스,,,종로구
401,다산주유소,02-2252-2210,서울 중구 다산로 233,S-OIL,,,중구
402,장충드림주유소,02-2275-5150,서울 중구 동호로 296,S-OIL,세차장,,중구
403,약수주유소,02-2252-3345,서울 중구 다산로 173,SK에너지,"세차장, 경정비, 24시영업",,중구
404,HD현대오일뱅크㈜직영 장원주유소,02-2236-2759,서울 중구 동호로 203 (신당동),HD현대오일뱅크,,,중구
405,SK에너지(주) 퇴계로주유소,02-2273-5189,서울 중구 퇴계로 228 (필동2가),SK에너지,,,중구
406,장충주유소,02-2279-9965,서울 중구 장충단로 202 (장충동1가),SK에너지,"세차장, 24시영업",,중구
407,신당동주유소,02-2252-6688,서울 중구 다산로 242 (신당동),SK에너지,"세차장, 24시영업",,중구
408,필동주유소,02-2267-8025,서울 중구 퇴계로 196,GS칼텍스,24시영업,,중구
409,서남주유소,02-752-9475,서울 중구 통일로 30,SK에너지,"세차장, 24시영업",,중구
410,우림주유소,02-433-9990,서울 중랑구 용마산로 487 (망우제3동),GS칼텍스,세차장,,중랑구
411,(주)자연에너지 대창주유소,02-434-1448,서울 중랑구 동일로 636 (면목동),HD현대오일뱅크,,,중랑구
412,대양주유소,02-437-5457,서울 중랑구 봉우재로 105 (상봉동),GS칼텍스,세차장,,중랑구
413,면목SELF주유소,02-437-4072,서울 중랑구 동일로 627 (면목동),SK에너지,"세차장, 경정비",,중랑구
414,구도일주유소 동천,02-495-0081,서울 중랑구 동일로 654 (면목동),S-OIL,세차장,,중랑구
415,대원주유소,02-438-6111,서울 중랑구 동일로 600,GS칼텍스,세차장,,중랑구
416,오천만주유소,070-7797-7474,서울 중랑구 동일로 547 (면목동),S-OIL,세차장,,중랑구
417,(주)태영 구도일주유소 한인,02-438-5151,서울 중랑구 망우로 170,S-OIL,"세차장, 경정비",,중랑구
418,범아주유소,02-974-8356,서울 중랑구 동일로 881,S-OIL,"세차장, 경정비",,중랑구
419,신내주유소,02-2207-0523,서울 중랑구 용마산로 705 (신내동),SK에너지,세차장,,중랑구
420,용마로주유소,02-439-3037,서울 중랑구 용마산로 309 (면목동),SK에너지,세차장,,중랑구
421,신일셀프주유소,02-436-3651,서울 중랑구 상봉로 58 (망우동),SK에너지,"세차장, 경정비, 24시영업",,중랑구
